1,Terry Pike,Chaos,+1.9
2,John Craig,Maggotkin of Nurgle,+1.9
3,Ric Myhill,Beasts of Chaos,+1.8
4,Tom Mawdsley,Skaventide,+1.8
5,Russ Veal,Chaos,+1.8
6,Darran Palmer,Destruction,+1.8
7,Leo Rautomen,Ironjawz,+1.7
8,Ritchie McAlley,Sylvaneth,+1.7
9,Donal Taylor,Destruction,+1.7
10,Chris Tomlin,Ironjawz,+1.7
11,Darren Watson,Maggotkin of Nurgle,+1.7
12,Mike Callaghan,Stormcast Eternals,+1.7
13,Ellis Priestley,Kharadron Overlords,+1.7
14,Byron Orde,Order,+1.7
15,Ben Johnson,Order,+1.7
16,James Williams,Ironjawz,+1.7
17,Richard Hudspith,Chaos,+1.7
18,Chris Myhill,Order,+1.7
19,Jack Armstrong,Stormcast Eternals,+1.7
20,Karl Breakspear,Nighthaunt,+1.7
21,Robert Sedgeman,Order,+1.7
22,Gary Percival,Kharadron Overlords,+1.7
23,Michael Wendel,Disciples of Tzeentch,+1.7
24,Daniel Ford,Blades of Khorne,+1.7
25,Martin Morrin,Blades of Khorne,+1.7
26,Craig Namvar,Disciples of Tzeentch,+1.7
27,Matthew Gouldesbrough,Seraphon,+1.7
28,Bryan Carmichael,Order,+1.7
29,Dan Bradshaw,Idoneth Deepkin,+1.7
30,Tony Moore,Death,+1.7
31,Benjamin Savva,Bonesplitterz,+1.6
32,Kristian Robertson,Order,+1.6
33,Matt Lyons,Chaos,+1.6
34,Andy Bryan,Stormcast Eternals,+1.6
35,Paul Whitehead,Destruction,+1.6
36,Maxime Julian,Maggotkin of Nurgle,+1.6
37,Alex Bruce,Order,+1.6
38,Hugh Halligan,Free Peoples,+1.6
39,Mark Wildman,Blades of Khorne,+1.6
40,Les Martin,Stormcast Eternals,+1.6
41,Ian Spink,Bonesplitterz,+1.6
42,Liam Jordan,Nighthaunt,+1.6
43,Paul Buckler,Seraphon,+1.6
44,James Tinsdale,Idoneth Deepkin,+1.6
45,Nathan Prescott,Destruction,+1.6
46,William Barton,Stormcast Eternals,+1.6
47,Alex Harrison,Order,+1.6
48,Ben Curry,Chaos,+1.6
49,Sam Loving,Stormcast Eternals,+1.6
50,Laurie H,Sylvaneth,+1.6
51,Liam Cook,Sylvaneth,+1.6
52,Stephen Follows,Death,+1.6
53,Sam Saunders,Maggotkin of Nurgle,+1.6
54,Ricky Mee,Death,+1.6
55,Johnathon Pano Kyprianidis,Blades of Khorne,+1.6
56,Liam Watts,Stormcast Eternals,+1.6
57,James Chalmers,Stormcast Eternals,+1.6
58,Nigel Chorlton,Destruction,+1.6
59,Matt Robertson,Blades of Khorne,+1.6
60,Dan Mitchell,Destruction,+1.5
61,Adrian McWalter,Chaos,+1.5
62,Tom Parry,Stormcast Eternals,+1.5
63,Steve Curtis,Flesh Eater Courts,+1.5
64,Joe McGough,Legion of Sacrement,+1.5
65,James Perrin,Chaos,+1.5
66,Andy Hughes,Fyreslayers,+1.5
67,Dan George,Hosts of Slaanesh,+1.5
68,Tom Bell,Ironjawz,+1.5
69,Liam Hartles,Destruction,+1.5
70,Michael Wilson,Hosts of Slaanesh,+1.5
71,Chris Green,Order,+1.5
72,Marc Brookes,Chaos,+1.5
73,Stewart Callander,Destruction,+1.5
74,Andy Talbot,Stormcast Eternals,+1.5
75,Kieran Harper,Stormcast Eternals,+1.5
76,John Bayliss,Disciples of Tzeentch,+1.5
77,James Ganis,Flesh Eater Courts,+1.5
78,Rob Perrin,Death,+1.5
79,Adam Turner,Stormcast Eternals,+1.5
80,Carl Smith,Fyreslayers,+1.5
81,Rufio Symes,Order,+1.5
82,Chris Mills,Blades of Khorne,+1.5
83,Steve Dooley,Darkling Covens,+1.5
84,Rob Bradley,Chaos,+1.5
85,Steve Sanderson,Disciples of Tzeentch,+1.5
86,Richard Arnolds,Fyreslayers,+1.5
87,Joe Purcell,Chaos,+1.5
88,Tom Hutchings,Order,+1.5
89,Rob Symes,Legion of Azgorh,+1.5
90,Gary Hennessey,Death,+1.5
91,Peter Humpage,Order Draconis,+1.5
92,Ben Murphy,Grand Host of Nagash,+1.5
93,Toby Meadows,Skaven,+1.5
94,Nicholas Ruesink,Fyreslayers,+1.5
95,Paul Haley,Destruction,+1.5
96,Adam Rawson,Clan Pestilens,+1.5
97,Ian O'Brien,Legions of Nagash,+1.5
98,Aaron Bailey,Legion of Night,+1.5
99,Sam Davies,Stormcast Eternals,+1.5
100,Max Barton,Idoneth Deepkin,+1.5
101,Marc Wilson,Order,+1.5
102,Andy Currie,Kharadron Overlords,+1.5
103,Luke McHugh,Chaos,+1.5
104,Owyn Abram,Death,+1.5
105,Adam Cunis,Order,+1.5
106,Matthew Hinton,Destruction,+1.5
107,Chris Caves Jr,Disciples of Tzeentch,+1.5
108,Player,UNKNOWN_ARMY,+1.5
109,Frank Straw,Blades of Khorne,+1.5
110,Jack Mayland,Disciples of Tzeentch,+1.5
111,Carl Martin,Seraphon,+1.5
112,Balal Zafar,Wanderers,+1.5
113,John Burgess,Blades of Khorne,+1.5
114,Richard Buckler,Daughters of Khaine,+1.5
115,Lewis Swan,Blades of Khorne,+1.5
116,Leigh Martin,Daughters of Khaine,+1.5
117,Nicholas Thompson,Destruction,+1.5
118,Thomas Kemp,Stormcast Eternals,+1.4
119,Ben Harper,Daughters of Khaine,+1.4
120,Adam Hazelwood,Order,+1.4
121,James Grant,Stormcast Eternals,+1.4
122,Owen Jackson,Sylvaneth,+1.4
123,Simon Weakley,Destruction,+1.4
124,Slawek Sasula,Chaos,+1.4
125,Nicky Myland,Bonesplitterz,+1.4
126,Louis Medows,Stormcast Eternals,+1.4
127,Richard Morley,Soulblight,+1.4
128,Joe Jackson,Sylvaneth,+1.4
129,Nathan Watson,Idoneth Deepkin,+1.4
130,Martin Swaffield,Disciples of Tzeentch,+1.4
131,Shane Ford,Beasts of Chaos,+1.4
132,Chris Appleford,Death,+1.4
133,John Dale,Skaventide,+1.4
134,Jonny Statham,Death,+1.4
135,Kevin Gillett,Maggotkin of Nurgle,+1.4
136,Andy Brown,Nighthaunt,+1.4
137,Declan Waters,Destruction,+1.4
138,Dominic Hook,Chaos,+1.4
139,Pete Scholey,Order,+1.4
140,David Nemeth,Disciples of Tzeentch,+1.4
141,Rob Nixon,Beasts of Chaos,+1.4
142,Daniil Osudin,Disciples of Tzeentch,+1.4
143,Pete Foley,Stormcast Eternals,+1.4
144,Patrick O'Sullivan,Stormcast Eternals,+1.4
145,Steven Phillips,Blades of Khorne,+1.4
146,Emyr Rice,Chaos,+1.4
147,Simon Eccles,Flesh Eater Courts,+1.4
148,Mark Caseley,Death,+1.4
149,Jack Spencer,Flesh Eater Courts,+1.4
150,Vincent Chan,Blades of Khorne,+1.4
151,Stuart West,Sylvaneth,+1.4
152,Matt Clarke,Order,+1.4
153,Chris Hibbins,Sylvaneth,+1.4
154,Nick Peart,Seraphon,+1.4
155,George Newbould,Gloomspite Gitz,+1.4
156,Shaun Lang,Disciples of Tzeentch,+1.4
157,Joe Clark,Flesh Eater Courts,+1.4
158,Greig Summers,Maggotkin of Nurgle,+1.4
159,William Morris,Gloomspite Gitz,+1.4
160,Mark Busby,Hedonites of Slaanesh,+1.4
161,Matthew Croad,Stormcast Eternals,+1.4
162,James Powell,Stormcast Eternals,+1.4
163,Jon Warmington,Sylvaneth,+1.4
164,Edward Proom,Ironjawz,+1.4
165,Daniel Ryan,Sylvaneth,+1.4
166,Tom Fretwell,Sylvaneth,+1.4
167,Craig Graham,Sylvaneth,+1.4
168,Darryl Jones,Hedonites of Slaanesh,+1.4
169,Adam Hall,Hedonites of Slaanesh,+1.4
170,Chris Francis,Sylvaneth,+1.4
171,Nick Thompson,Skaventide,+1.4
172,Stephen Mitchell,Flesh Eater Courts,+1.4
173,Patrick Rance,Seraphon,+1.4
174,Matthew Feltham,Daughters of Khaine,+1.4
175,Steven Ward,Chaos,+1.4
176,Craig Chesters,Daughters of Khaine,+1.4
177,Colin Cochrane,Daughters of Khaine,+1.4
178,James Boots,Blades of Khorne,+1.3
179,Sam Watson,Legions of Nagash,+1.3
180,Robert Crouchley,Death,+1.3
181,Rob Hull,Flesh Eater Courts,+1.3
182,Teck Loy,Idoneth Deepkin,+1.3
183,Riyathe Al,Daughters of Khaine,+1.3
184,Gabe Huddlestone,Legion of Blood,+1.3
185,Matthew Tullock,Kharadron Overlords,+1.3
186,Thomas Waller,Flesh Eater Courts,+1.3
187,Chris Banks,Skaven,+1.3
188,Graham Duffy,Moonclan,+1.3
189,Christian Moore,Hedonites of Slaanesh,+1.3
190,William Philpott,Order,+1.3
191,Adam Martin,Maggotkin of Nurgle,+1.3
192,Tom Loyn,Chaos,+1.3
193,JP Stevens,Hedonites of Slaanesh,+1.3
194,Alex Kew,Stormcast Eternals,+1.3
195,Jimbo Warth,Order,+1.3
196,Tom Lees,Gloomspite Gitz,+1.3
197,Joel Smith,Maggotkin of Nurgle,+1.3
198,David Jack,Stormcast Eternals,+1.3
199,Dan Heelan,Order,+1.3
200,John Brock,Chaos,+1.3
201,Ian Ralph,Sylvaneth,+1.3
202,Daniel White,Skaventide,+1.3
203,Andy Wood,Nighthaunt,+1.3
204,Michael Stewart,Fyreslayers,+1.3
205,Marcus Crawley,Death,+1.3
206,Simon Froley,Daughters of Khaine,+1.3
207,Mark Curtis,Sylvaneth,+1.3
208,Mike Thomas,Destruction,+1.3
209,Anthony Boulton,Hedonites of Slaanesh,+1.3
210,Adam Mumford,Idoneth Deepkin,+1.3
211,Ben Crowe,UNKNOWN_ARMY,+1.3
212,Daniel Scott,Daughters of Khaine,+1.3
213,Matthew Arnold,Chaos,+1.3
214,Gary Fisher,Skaventide,+1.3
215,Matt Rennie,Fyreslayers,+1.3
216,Kevin Low,Skaventide,+1.3
217,Luke Whitehead,Flesh Eater Courts,+1.3
218,David Kane,Kharadron Overlords,+1.3
219,Gareth Holmes,Stormcast Eternals,+1.3
220,Bryan Hatchett,Stormcast Eternals,+1.3
221,Rob Wright,Idoneth Deepkin,+1.3
222,Martin Clarke,Maggotkin of Nurgle,+1.3
223,Jay Hopkinson,Wood Elves,+1.3
224,Lee Kay,Maggotkin of Nurgle,+1.3
225,Thomas Lemoine,Flesh Eater Courts,+1.3
226,Ben Cronin,Flesh Eater Courts,+1.3
227,Ric Ellis,Stormcast Eternals,+1.3
228,Dave Roberts,Stormcast Eternals,+1.3
229,Callum Sinclair,Gloomspite Gitz,+1.3
230,Alex Jones,Skaventide,+1.3
231,Michael Browning,Death,+1.3
232,Jj Cropley,Skaventide,+1.3
233,Mark Roberts,Seraphon,+1.3
234,Mike Newman,Kharadron Overlords,+1.3
235,James Clark,Blades of Khorne,+1.3
236,Adam Sinclair,Ironjawz,+1.3
237,Ben Diesel,Death,+1.3
238,Iain Hunter,Chaos,+1.3
239,Janos Szaniszlo,Daughters of Khaine,+1.3
240,Ceri Robson,Nighthaunt,+1.3
241,Chris McConville,Daughters of Khaine,+1.3
242,Nathan Foster,Bonesplitterz,+1.3
243,Forrest Wilhoite,Disciples of Tzeentch,+1.3
244,Mike Porter,Chaos,+1.3
245,Declan McKitrich,Blades of Khorne,+1.2
246,Jon Green,Order,+1.2
247,James Mapson,Disciples of Tzeentch,+1.2
248,Adam Riley,Stormcast Eternals,+1.2
249,Simon Cobb,Ironjawz,+1.2
250,Tim Unwin,Blades of Khorne,+1.2
251,Andrew Lewis,Flesh Eater Courts,+1.2
252,Sebastian Del Monte,Gloomspite Gitz,+1.2
253,Micheal Bennett,Blades of Khorne,+1.2
254,Dave Fraser,Gloomspite Gitz,+1.2
255,Andrew Stephen,Beastclaw Raiders,+1.2
256,Craig Carlton,Disciples of Tzeentch,+1.2
257,James Box,Destruction,+1.2
258,Mark Paddon,Fyreslayers,+1.2
259,Simon Holmes,Blades of Khorne,+1.2
260,Ollie Fox,Maggotkin of Nurgle,+1.2
261,Lyndon Sinclair,Beastclaw Raiders,+1.2
262,Jamie Ferguson,Sylvaneth,+1.2
263,Ben Mardle,Kharadron Overlords,+1.2
264,James Hobbs,Seraphon,+1.2
265,Phil McGuiness,Skaventide,+1.2
266,Tom Fildes,Kharadron Overlords,+1.2
267,Aaron Walters,Sylvaneth,+1.2
268,Alex Clark,Stormcast Eternals,+1.2
269,Andy Davies,Chaos,+1.2
270,Nicky Martin,Seraphon,+1.2
271,Alan Witherden,Legions of Nagash,+1.2
272,Graham Shirley,Death,+1.2
273,Paul Berridge,Stormcast Eternals,+1.2
274,Dave Robinson,Flesh Eater Courts,+1.2
275,Neil Montgomery,Hedonites of Slaanesh,+1.2
276,Adrian Downey,Death,+1.2
277,Nigel Bartlett,Gutbusters,+1.2
278,Paul di Duca,Clan Skryre,+1.2
279,Eric Hoerger,Big Waaagh,+1.2
280,Ross Joyce,Bonesplitterz,+1.2
281,Darron Styles,Seraphon,+1.2
282,Paul Marshallsay,Idoneth Deepkin,+1.2
283,Zak Gregory,Order,+1.2
284,Scott Smith,Maggotkin of Nurgle,+1.2
285,Daniel Arnold,Idoneth Deepkin,+1.2
286,Dave Carter,Nighthaunt,+1.2
287,Mikey Galvin,Flesh Eater Courts,+1.2
288,Kyle Brunskill,Order Draconis,+1.2
289,Lee Bromley,Flesh Eater Courts,+1.2
290,Steve Wren,Order,+1.2
291,Andy Scott,Legions of Nagash,+1.2
292,Mark Storrar,Destruction,+1.2
293,Richard Ciereszko,Chaos,+1.2
294,Kane Holloway,Ironjawz,+1.2
295,Jack Westaway,Disciples of Tzeentch,+1.2
296,Ciaran Smyth,Maggotkin of Nurgle,+1.2
297,Heath Barnes,Blades of Khorne,+1.2
298,Ben Baugh,Stormcast Eternals,+1.2
299,Tom Matthews,UNKNOWN_ARMY,+1.2
300,Jay Kinsella,Blades of Khorne,+1.2
301,Carl Bagnall,Skaven,+1.2
302,Sam Vaughan,Ironjawz,+1.2
303,Andy Lampkin,Gloomspite Gitz,+1.2
304,Charles Hollom,Beasts of Chaos,+1.2
305,Matt Tinsdale,Stormcast Eternals,+1.2
306,Russ Ward,Chaos,+1.2
307,Sean McKechnie,Gloomspite Gitz,+1.2
308,Tim Fisher,Daughters of Khaine,+1.2
309,Ben Raven,Blades of Khorne,+1.2
310,Miles Hewitt,Skaventide,+1.2
311,Ben van Buul,Hosts of Slaanesh,+1.2
312,Luke Power,Sylvaneth,+1.1
313,Tim Holbrook,Destruction,+1.1
314,Chris Carroll,Skaven,+1.1
315,Ralph Hughes,Cities of Sigmar,+1.1
316,Will Spencer,Ironjawz,+1.1
317,Neil Samuels,Hosts of Slaanesh,+1.1
318,Matthew Pardoe,Slaves to Darkness,+1.1
319,David Neagle,Stormcast Eternals,+1.1
320,Chris Lewis,Destruction,+1.1
321,Richard Elsdon,Stormcast Eternals,+1.1
322,Scott Harmon,Gutbusters,+1.1
323,Danny Cashman,Kharadron Overlords,+1.1
324,James Warth,Sylvaneth,+1.1
325,Matt Pardoe,Chaos,+1.1
326,Neil Peckett,Stormcast Eternals,+1.1
327,Anthony Lewis,Grand Host of Nagash,+1.1
328,James Eveleigh,Gloomspite Gitz,+1.1
329,Mike Wilding,Hedonites of Slaanesh,+1.1
330,Greg Shelton,Sylvaneth,+1.1
331,Sam Sendell,Legion of Blood,+1.1
332,Jason Smith,Blades of Khorne,+1.1
333,Eilir Davies,Blades of Khorne,+1.1
334,Angus Brain,Beasts of Chaos,+1.1
335,Jonathan Forde,Ironjawz,+1.1
336,Dave Glaysher,Ironjawz,+1.1
337,Ross Howard,Sylvaneth,+1.1
338,Lewis Sloan,Sylvaneth,+1.1
339,Will O'Siorain,Idoneth Deepkin,+1.1
340,Alex Ley,Sylvaneth,+1.1
341,Stuart Hodges,Gloomspite Gitz,+1.1
342,Ben Smith,Destruction,+1.1
343,Josh Meads,Chaos,+1.1
344,Jack McQuiggin,Seraphon,+1.1
345,Rob Kelly,Flesh Eater Courts,+1.1
346,Nathan Sandison,Ossiarch Bonereapers,+1.1
347,Ben Price,Seraphon,+1.1
348,Ben Malkin,Death,+1.1
349,Seb Donley,Idoneth Deepkin,+1.1
350,John Williams,Blades of Khorne,+1.1
351,Tom Blaxall,Gloomspite Gitz,+1.1
352,Luke Garside,Stormcast Eternals,+1.1
353,Darren Phipps,Flesh Eater Courts,+1.1
354,Michael Brough,Skaventide,+1.1
355,Aaron Wilson,Sylvaneth,+1.1
356,Adam Elford,Chaos,+1.1
357,Matt Hammond,Destruction,+1.1
358,Aiden Clieve,Maggotkin of Nurgle,+1.1
359,Greg Dann,Stormcast Eternals,+1.1
360,Simon Partridge,Beasts of Chaos,+1.1
361,Arthur Treitl,Death,+1.1
362,Alasdair Hutchinson,Gloomspite Gitz,+1.1
363,Chris Caves Snr,Daughters of Khaine,+1.1
364,Chris Nielson,Disciples of Tzeentch,+1.1
365,Johnny Armstrong,Skaventide,+1.1
366,Paul Petford,Sylvaneth,+1.0
367,Michael Hanns,Maggotkin of Nurgle,+1.0
368,Finn Melton,Stormcast Eternals,+1.0
369,Stuart Millar,Legion of Sacrement,+1.0
370,John Connelly,Skaventide,+1.0
371,David Fulbrook,Maggotkin of Nurgle,+1.0
372,Ethan Leach,Idoneth Deepkin,+1.0
373,Kieron Allender,Grand Host of Nagash,+1.0
374,Jack Maiden,Gloomspite Gitz,+1.0
375,Stephen Rose,Ironjawz,+1.0
376,Tim Bussell,UNKNOWN_ARMY,+1.0
377,Elliot O'Neil,Order,+1.0
378,Billy Ernest,Maggotkin of Nurgle,+1.0
379,Myles Mulkerrins,Big Waaagh,+1.0
380,Wayne Rendell,Ironjawz,+1.0
381,Matthew Castle,Daughters of Khaine,+1.0
382,Tom Hewitt,Flesh Eater Courts,+1.0
383,Paul Rea,Legion of Blood,+1.0
384,Dan Comeau,Blades of Khorne,+1.0
385,John Harper,Stormcast Eternals,+1.0
386,Garry Marshall,Maggotkin of Nurgle,+1.0
387,Will Rose,Tomb Kings,+1.0
388,Nick Featherstone,Idoneth Deepkin,+1.0
389,Mathew Davies,Sylvaneth,+1.0
390,Mark Mitzman,Ironjawz,+1.0
391,Dave Sweeting,Death,+1.0
392,Paul Coram,Sylvaneth,+1.0
393,Jenny Lyons,Nighthaunt,+1.0
394,John Greene,Sylvaneth,+1.0
395,Adam Clark,Ironjawz,+1.0
396,Stephen Smith,Gloomspite Gitz,+0.9
397,Travis Kelly,Fyreslayers,+0.9
398,Tom Roberts,Blades of Khorne,+0.9
399,Luke Evans,Death,+0.9
400,Lukas Madaj,Stormcast Eternals,+0.9
401,Lee Hamilton,Fyreslayers,+0.9
402,James Allen,Flesh Eater Courts,+0.9
403,Ian Gilmore,Ironjawz,+0.9
404,Matt Robinson,Maggotkin of Nurgle,+0.9
405,Alex Tooth,Skaven,+0.9
406,Steve McCormick,Beastclaw Raiders,+0.9
407,Peter Pratt,Maggotkin of Nurgle,+0.9
408,Dave Busse,Ironjawz,+0.9
409,Chris Archibald,Idoneth Deepkin,+0.9
410,Alex Cockburn,Daughters of Khaine,+0.9
411,Keith Ball,Flesh Eater Courts,+0.9
412,Tom Bridges,Stormcast Eternals,+0.9
413,James Brown,Order,+0.9
414,Pete Bradley,Flesh Eater Courts,+0.9
415,John Thompson,UNKNOWN_ARMY,+0.9
416,Andy Mackay,Stormcast Eternals,+0.9
417,Joshua Richards,Darkling Covens,+0.9
418,James Bedford,Stormcast Eternals,+0.9
419,Jason Hodgekinson,Ironjawz,+0.9
420,Tony Kirby,Death,+0.9
421,Rob Noyes,Stormcast Eternals,+0.9
422,Adam Petford,Ironjawz,+0.9
423,Matt Shepperson,Destruction,+0.9
424,Joseph Carr,Legion of Sacrement,+0.9
425,James Field,UNKNOWN_ARMY,+0.9
426,Sean Houghton,Beasts of Chaos,+0.9
427,Steve Hursell,Ironjawz,+0.9
428,Jake Powis,Sylvaneth,+0.9
429,Giannis Sourtzis,Seraphon,+0.9
430,David Thompson,Sylvaneth,+0.9
431,Tom Gilboy,Idoneth Deepkin,+0.9
432,Arran Folly,Ironjawz,+0.9
433,Dave Knatt,Gloomspite Gitz,+0.9
434,Pete Myhill,Order,+0.9
435,Obaid Bin,Stormcast Eternals,+0.9
436,Edward Bennett,Order,+0.9
437,Matthew Walker,Hedonites of Slaanesh,+0.9
438,Matt McDonnell,Legions of Nagash,+0.9
439,Richard Strachan,Stormcast Eternals,+0.9
440,Mark Carrigher,Fyreslayers,+0.9
441,Colin Mather,Hosts of Slaanesh,+0.9
442,Christophe Salemi,Legion of Sacrement,+0.8
443,Thomas Lambert,Order,+0.8
444,Owen Farmer,Disciples of Tzeentch,+0.8
445,Graeme Davidson,Nighthaunt,+0.8
446,Ayton Hilmi,Legion of Sacrement,+0.8
447,Andrew Hughes,UNKNOWN_ARMY,+0.8
448,Henry Poor,Beasts of Chaos,+0.8
449,Samuel Pett,Clan Skryre,+0.8
450,Adam Jones,Skaventide,+0.8
451,Kevin Grimes,Hedonites of Slaanesh,+0.8
452,Thomas Hamilton,Disciples of Tzeentch,+0.8
453,Mike Burgess,Stormcast Eternals,+0.8
454,Matt Bennett,Seraphon,+0.8
455,Grant Mudie,Ironjawz,+0.8
456,Peter Dawes,Chaos,+0.8
457,Daniel Elkington,Slaves to Darkness,+0.8
458,Ade Thompson,Beasts of Chaos,+0.8
459,Paul Cook,Maggotkin of Nurgle,+0.8
460,Guillaume Garnier,Seraphon,+0.8
461,Andrew Burton,Nighthaunt,+0.8
462,Tim Bland,Disciples of Tzeentch,+0.8
463,Charles Fryer,Idoneth Deepkin,+0.8
464,Adrian Thompson,Beasts of Chaos,+0.8
465,George Moudatsos,Beasts of Chaos,+0.8
466,Craig Morrow,Skaventide,+0.8
467,Alex McGee,Skaven,+0.8
468,Matt Harper,Chaos,+0.8
469,Lindon Wedgewood,Gloomspite Gitz,+0.8
470,Mike Parker,Stormcast Eternals,+0.8
471,Christian Martinsson,Nighthaunt,+0.8
472,Ben Gomm,Nighthaunt,+0.8
473,Rupert Read,Destruction,+0.8
474,Max Halford,Hosts of Slaanesh,+0.8
475,Andrea Anselmi,Stormcast Eternals,+0.8
476,Conor McNama,Disciples of Tzeentch,+0.8
477,Wayne Kemp,Skaventide,+0.8
478,Collin Collar,UNKNOWN_ARMY,+0.8
479,Tom Bailey,Blades of Khorne,+0.8
480,Gareth Ravenscroft,Disciples of Tzeentch,+0.8
481,Jamie Robson,Death,+0.8
482,Ken Chambers,Flesh Eater Courts,+0.8
483,Sam Pearson,Order,+0.8
484,George Vathipoulias,Idoneth Deepkin,+0.8
485,Tom Landy,Maggotkin of Nurgle,+0.8
486,John Rees,Hedonites of Slaanesh,+0.8
487,Ben Chalk,UNKNOWN_ARMY,+0.8
488,Mathew Crowther,Blades of Khorne,+0.8
489,Lee Whitely,Blades of Khorne,+0.8
490,Niall Campbell,Grand Host of Nagash,+0.8
491,John Dorrian,Blades of Khorne,+0.8
492,Jonatan Edlund,Death,+0.8
493,Sean Ormerod,Beastclaw Raiders,+0.8
494,Dawid Grzesik,Order,+0.8
495,Gary Pollock,Stormcast Eternals,+0.8
496,Paul Bowden,Stormcast Eternals,+0.8
497,Chris Nellis,Daughters of Khaine,+0.8
498,Aaron Hazell ,Stormcast Eternals,+0.7
499,Matt Gherardi,Destruction,+0.7
500,Simon Clifford,Destruction,+0.7
501,Katalin Fekete,Idoneth Deepkin,+0.7
502,Declan Waynne,Hosts of Slaanesh,+0.7
503,Clinton Liem,Ironjawz,+0.7
504,Lee Badcock,Nighthaunt,+0.7
505,Reece West,Stormcast Eternals,+0.7
506,Michael Cook,UNKNOWN_ARMY,+0.7
507,Alex Gilbank,Disciples of Tzeentch,+0.7
508,Erik Bews,Slaves to Darkness,+0.7
509,Hamid Khabbazan,Free Peoples,+0.7
510,Rob Nightingale,Chaos,+0.7
511,Calum Todd,Disciples of Tzeentch,+0.7
512,Raja Brothwood,Blades of Khorne,+0.7
513,Jon Jones,Death,+0.7
514,Gareth Parfitt,Disciples of Tzeentch,+0.7
515,Matthew Spears,Nighthaunt,+0.7
516,Tom Wall,Ironjawz,+0.7
517,Piotr Kurkowski,Daughters of Khaine,+0.7
518,Ian Hannam,Ironjawz,+0.7
519,Callum Slater,Daughters of Khaine,+0.7
520,Mark Saunders,Destruction,+0.7
521,Krzysiek Witkowski,Sylvaneth,+0.7
522,Matthew Brasier,Ironjawz,+0.7
523,Thomas Lawler,Maggotkin of Nurgle,+0.7
524,Spencer Talbot,Kharadron Overlords,+0.7
525,Jamie McHugh,Stormcast Eternals,+0.7
526,Richard Belfield,Flesh Eater Courts,+0.7
527,Christopher Goldsworthy,Destruction,+0.7
528,Rob Ellis,Order,+0.7
529,James Houston,Skaven,+0.7
530,Dan Hadart,Stormcast Eternals,+0.7
531,Pete Wrench,Mawtribes,+0.7
532,Lars Hellwig,Beastclaw Raiders,+0.7
533,David McMorrow,Order,+0.7
534,Josh Cann,Maggotkin of Nurgle,+0.7
535,David Smyth,Maggotkin of Nurgle,+0.7
536,Richard Flood,Hedonites of Slaanesh,+0.7
537,Joshua Jenkins,Grand Host of Nagash,+0.7
538,Adam Maiden,Skaven,+0.7
539,Matthew Sandiford,Cities of Sigmar,+0.7
540,Wil Johnson,Blades of Khorne,+0.7
541,James Ramsay,Chaos,+0.7
542,Jane Slater,Seraphon,+0.7
543,Francis Arthur,Order,+0.7
544,Dan Hughes,Gloomspite Gitz,+0.7
545,Danny Biddle,Fyreslayers,+0.7
546,Alex Johnson,Gloomspite Gitz,+0.7
547,Keith Baggott,Wanderers,+0.7
548,Andrew Hodges,Nighthaunt,+0.7
549,Rhys Hallet,Nighthaunt,+0.7
550,Matt Dawson,Hosts of Slaanesh,+0.7
551,Rob Boyce,Ironjawz,+0.7
552,Grant Fraser,Flesh Eater Courts,+0.7
553,Adam Ryland,Chaos,+0.7
554,Chris Elliot,Skaventide,+0.7
555,Martyn Furnival,Hedonites of Slaanesh,+0.7
556,Dean McLaughlin,Sylvaneth,+0.7
557,Dan Lamming,Order,+0.7
558,James Wilson,Khorne Bloodbound,+0.7
559,Andrew Davies,Maggotkin of Nurgle,+0.7
560,Will Pollock,Blades of Khorne,+0.7
561,Ming Lee,Hosts of Slaanesh,+0.7
562,Jamie Muscroft,Kharadron Overlords,+0.7
563,Adam Chidlow,Death,+0.7
564,Jon Barwise,Blades of Khorne,+0.7
565,Jes Bickham,Gloomspite Gitz,+0.7
566,Stuart Mann,Gloomspite Gitz,+0.7
567,Anthony Poole,Sylvaneth,+0.7
568,Chris White,Destruction,+0.7
569,Omar Valero,Stormcast Eternals,+0.6
570,Kye Baker,Stormcast Eternals,+0.6
571,Adam James,Grand Host of Nagash,+0.6
572,Rick Nightingale,Chaos,+0.6
573,Rob Moar,UNKNOWN_ARMY,+0.6
574,Stuart Snares,Blades of Khorne,+0.6
575,Matt Willis,Ironjawz,+0.6
576,Michael Byrne,Seraphon,+0.6
577,John Hickton,Chaos,+0.6
578,Trev Moffat,Seraphon,+0.6
579,Daniel Asensio,Fyreslayers,+0.6
580,Jacob Stojanovic,Hosts of Slaanesh,+0.6
581,Michael Vernon,Death,+0.6
582,Troy Hardy,Hedonites of Slaanesh,+0.6
583,Mark Hempel,Sylvaneth,+0.6
584,Dan Barwick,Fyreslayers,+0.6
585,Andy Smilie,Stormcast Eternals,+0.6
586,Luke Alford,Daughters of Khaine,+0.6
587,Dave Perks,Sylvaneth,+0.6
588,Jay Finnegan,Blades of Khorne,+0.6
589,John Kiddell,Blades of Khorne,+0.6
590,Philip Ashley,Order,+0.6
591,James Hayday,Stormcast Eternals,+0.6
592,Steve Foote,Order,+0.6
593,Aaron Vietch,Stormcast Eternals,+0.6
594,Ryan Dell,UNKNOWN_ARMY,+0.6
595,Dermot Lacey,Stormcast Eternals,+0.6
596,Phillip Jenkins,Ossiarch Bonereapers,+0.6
597,Bryn Roberts,Sylvaneth,+0.6
598,Andy Dunn,Daughters of Khaine,+0.6
599,Ben Bailey,Daughters of Khaine,+0.6
600,Andy Farrell,Legion of Grief,+0.6
601,Dave Soutar,Stormcast Eternals,+0.6
602,Dave Avery,Kharadron Overlords,+0.6
603,Francois Mercier,Fyreslayers,+0.6
604,Mikey Gilson,Bonesplitterz,+0.6
605,Nick Hoen,Blades of Khorne,+0.6
606,Ian Crew,Disciples of Tzeentch,+0.6
607,Kati Wood,Chaos,+0.6
608,Wayne Holt,Chaos,+0.6
609,Charles Nolan,Blades of Khorne,+0.6
610,Phil Walter,Flesh Eater Courts,+0.6
611,Sam Freeman,Legion of Night,+0.6
612,Rob Peck,Stormcast Eternals,+0.6
613,Tom Healey,Death,+0.6
614,Marcus Gill,UNKNOWN_ARMY,+0.6
615,Gordon Wilson,Stormcast Eternals,+0.6
616,Jon Gray,Chaos,+0.6
617,Rory Carter,Ironjawz,+0.6
618,Elliot Ireland,Ossiarch Bonereapers,+0.6
619,Pete Allison,Grand Host of Nagash,+0.6
620,Steven Parker,Death,+0.6
621,Stu Wolf,Flesh Eater Courts,+0.6
622,Phillippe Peylet,Phoenix Temple,+0.6
623,Edward Hamon,Disciples of Tzeentch,+0.6
624,Craig Moore,Destruction,+0.6
625,Dean Lymath,Stormcast Eternals,+0.6
626,Nathan Hoole,Chaos,+0.6
627,Wayne Millaer,Stormcast Eternals,+0.6
628,Mal Edge,Nighthaunt,+0.6
629,Hayden Long,Sylvaneth,+0.6
630,Peter Del,Grand Host of Nagash,+0.6
631,Craig Reead,Ironjawz,+0.6
632,Henrik Salomonsen,Sylvaneth,+0.6
633,Eirik Lanes,Blades of Khorne,+0.6
634,Reuben Beard,Bonesplitterz,+0.6
635,Jordan,Kharadron Overlords,+0.6
636,Mike Wills,Destruction,+0.6
637,Allen Frank,Blades of Khorne,+0.6
638,William Crankshaw,Spiderfang Grots,+0.6
639,James Beeden,Seraphon,+0.6
640,Jonathan Latham,Stormcast Eternals,+0.6
641,Mike Ralph,Order,+0.6
642,Ivan Reeves,Death,+0.6
643,Bethany Taylor,Disciples of Tzeentch,+0.6
644,Luke Morton,Idoneth Deepkin,+0.6
645,Gav Roath,Order,+0.6
646,Martjin Zuidema,Ossiarch Bonereapers,+0.6
647,Kyle Edwards,Stormcast Eternals,+0.6
648,Andrew Black,Order,+0.5
649,Adrian Wilk,Nighthaunt,+0.5
650,James Pickup,Maggotkin of Nurgle,+0.5
651,Matthew Bennett,Flesh Eater Courts,+0.5
652,Cain O'Siorain,Kharadron Overlords,+0.5
653,Justin Oxman,Death,+0.5
654,Joey Logan,Chaos,+0.5
655,Joe Ward,Death,+0.5
656,Gary Bullha,Maggotkin of Nurgle,+0.5
657,Alexander Nygard,Death,+0.5
658,James Littler,Order,+0.5
659,Shane Hurley,Ironjawz,+0.5
660,Ian Tong,Nighthaunt,+0.5
661,Ian Veitch,Blades of Khorne,+0.5
662,Patric Frowein,Fyreslayers,+0.5
663,Chris Collett,Death,+0.5
664,Scott Wall,Sylvaneth,+0.5
665,Matt Smith,Maggotkin of Nurgle,+0.5
666,Daniel Oldfield,Order,+0.5
667,Tim Pearce,Stormcast Eternals,+0.5
668,Adam Moffat,Stormcast Eternals,+0.5
669,Karl Wadley,Stormcast Eternals,+0.5
670,Roland Young,Order,+0.5
671,Jan Proudley,Disciples of Tzeentch,+0.5
672,John Southgate,Kharadron Overlords,+0.5
673,Chris Smith,Gloomspite Gitz,+0.5
674,Jon Lee,Disciples of Tzeentch,+0.5
675,Andy Oakham,Destruction,+0.5
676,Oliver Grimwood,Destruction,+0.5
677,Alastair King,Skaven,+0.5
678,Tim Martin,Blades of Khorne,+0.5
679,Stevie Kilmister,Seraphon,+0.5
680,Richard Ellis,Seraphon,+0.5
681,Ben Booker,Chaos,+0.5
682,Ash Hale,Legion of Blood,+0.5
683,Jack Masters,Beastclaw Raiders,+0.5
684,Alex Campbell,Death,+0.5
685,Nigel Barham,Disciples of Tzeentch,+0.5
686,Keirran Wilson,Flesh Eater Courts,+0.5
687,Ross Mason,Tamurkhans Horde,+0.5
688,Tim Davis,Gloomspite Gitz,+0.5
689,Aaron Young,UNKNOWN_ARMY,+0.5
690,Daniel Harston,Flesh Eater Courts,+0.5
691,Marc Davies,Idoneth Deepkin,+0.5
692,Feri Acz,Maggotkin of Nurgle,+0.5
693,Des Brennan,Big Waaagh,+0.5
694,Bjorn Malmborg,Free Peoples,+0.5
695,Donald Mccallum,Order,+0.5
696,Lewis Fitzgerald,Ironjawz,+0.5
697,Chris Cook,Ironjawz,+0.5
698,Jack Carruthers,Slaves to Darkness,+0.5
699,Big Ed,Dwarfs,+0.5
700,James O'Brien,Chaos,+0.5
701,Dan Shaw,Sylvaneth,+0.5
702,Jon Cann,Mawtribes,+0.5
703,Adam Purves,Slaves to Darkness,+0.5
704,Padds Paddon,Mawtribes,+0.5
705,Chris Vect,UNKNOWN_ARMY,+0.5
706,Bruce Mcguff,Blades of Khorne,+0.5
707,Toby Jennings,Stormcast Eternals,+0.5
708,Lee Downes,Daughters of Khaine,+0.5
709,Glen Caldecott,Stormcast Eternals,+0.5
710,Gaz Hughes,Blades of Khorne,+0.5
711,Eoin Lennon,Grand Host of Nagash,+0.5
712,Anthony Moylan,Gloomspite Gitz,+0.5
713,Kevin Chandler,Sylvaneth,+0.5
714,Tom Patton,Cities of Sigmar,+0.5
715,David Rolland,Daughters of Khaine,+0.5
716,Joe Shepherd,Order,+0.5
717,James Critchley,Gloomspite Gitz,+0.5
718,Ben Richards,Destruction,+0.5
719,Kyle Dunn,Blades of Khorne,+0.5
720,Zaki Kaitila,Destruction,+0.5
721,Richard Fitzmaurice,Nighthaunt,+0.5
722,Matthew Haggett,Maggotkin of Nurgle,+0.5
723,Ian Scovell,Order,+0.5
724,Chris Taylor,Chaos,+0.5
725,James McPherson,Chaos,+0.5
726,Matthew Ward,Skaventide,+0.5
727,Nick Hyland,Idoneth Deepkin,+0.5
728,Matt Harrison,Hedonites of Slaanesh,+0.5
729,Simon Fitzpatrick,Hosts of Slaanesh,+0.5
730,Elliott Haugh,Ossiarch Bonereapers,+0.5
731,Matt Roberts,UNKNOWN_ARMY,+0.5
732,Amy Clarke,Death,+0.5
733,Dave Palmer,Chaos,+0.5
734,Lucas Wdowiak,Seraphon,+0.5
735,Ross Mackintosh,Chaos,+0.5
736,Zak Foote,UNKNOWN_ARMY,+0.5
737,Alex Piper,Gloomspite Gitz,+0.5
738,Daniel Biddle,Fyreslayers,+0.5
739,Andy Hall,Kharadron Overlords,+0.5
740,Michael Crossley,Destruction,+0.5
741,Ross Edwards,Maggotkin of Nurgle,+0.5
742,Chris Brine,Sylvaneth,+0.5
743,Duncan Woods,Bonesplitterz,+0.5
744,Seb Grose,Order,+0.5
745,Justin Waine,Stormcast Eternals,+0.5
746,Simon Bradbury,Skaventide,+0.5
747,Andy Thornley,UNKNOWN_ARMY,+0.5
748,Ryan Pearson,Cities of Sigmar,+0.5
749,Julien Duvoux,Skaventide,+0.5
750,Stephen Ramage,Nighthaunt,+0.5
751,Rhuairidh James,Blades of Khorne,+0.5
752,Alex Mclay,Nighthaunt,+0.5
753,James Harding,Order,+0.5
754,Jack Davenport,Stormcast Eternals,+0.5
755,Oscar Knutsson,Stormcast Eternals,+0.5
756,Rob Brunton,Ironjawz,+0.5
757,Tom Holmes,Gloomspite Gitz,+0.5
758,Luke Grant,Disciples of Tzeentch,+0.5
759,Ross McGowan,Hedonites of Slaanesh,+0.5
760,Robert Lloyd,Order,+0.5
761,Dave Napier,Ogre Kingdoms,+0.5
762,Andrea Beda,Seraphon,+0.5
763,Dan Seymour,Nighthaunt,+0.4
764,Jack Darlington,Chaos,+0.4
765,Simon Burdett,Destruction,+0.4
766,Richard Taylor,Fyreslayers,+0.4
767,Richard Dorrell,Chaos,+0.4
768,Carl Kennard,Stormcast Eternals,+0.4
769,Andrew Woods,Nighthaunt,+0.4
770,Jake Harding,Skaven,+0.4
771,James Hanlon,Death,+0.4
772,Liam Hall,Ossiarch Bonereapers,+0.4
773,Luke Taylor,Stormcast Eternals,+0.4
774,Matt Rogers,Skaventide,+0.4
775,Thomas Blaxall,Gloomspite Gitz,+0.4
776,Rory Searles,Beasts of Chaos,+0.4
777,Sam Goodwin,Deathlords,+0.4
778,Tom Bunnell,Ironjawz,+0.4
779,Ben Clayton,Seraphon,+0.4
780,Steven Lumsdale,Disciples of Tzeentch,+0.4
781,Dan Broxholme,Seraphon,+0.4
782,Alexander Hansen,Order,+0.4
783,Matt Wilson,Order,+0.4
784,James Thompson,Sylvaneth,+0.4
785,Phil Shaw,Seraphon,+0.4
786,Tom Linington,Disciples of Tzeentch,+0.4
787,Jamie White,Cities of Sigmar,+0.4
788,Matthew Sheret,Sylvaneth,+0.4
789,Alex Zwissler,Grand Host of Nagash,+0.4
790,Mark Pinnington,UNKNOWN_ARMY,+0.4
791,Dave Arnell,Warriors of Chaos,+0.4
792,Tomas Erling,Nighthaunt,+0.4
793,Adam Palmer,Chaos,+0.4
794,Ben Cochrane,Fyreslayers,+0.4
795,Solomon Morrow,Legions of Nagash,+0.4
796,Alessandro Leto,Stormcast Eternals,+0.4
797,Liam Tommey,Skaventide,+0.4
798,Shaun Hughes,Chaos,+0.4
799,Callum Watson,Blades of Khorne,+0.4
800,Sal Bellomo,Stormcast Eternals,+0.4
801,Dean McGunigall,Stormcast Eternals,+0.4
802,Chris Allison,Maggotkin of Nurgle,+0.4
803,Dave McGowan,Flesh Eater Courts,+0.4
804,Andreas Steckmeier,Nighthaunt,+0.4
805,Richard Wilkes,Order,+0.4
806,Evan White,Mawtribes,+0.4
807,Luke Smith,Chaos,+0.4
808,Brad Glover,Skaven,+0.4
809,Josh Stevenson,Fyreslayers,+0.4
810,Christopher Nobbs,Legion of Night,+0.4
811,Paul Rollason,Blades of Khorne,+0.4
812,Adam Button,Seraphon,+0.4
813,Samuel Green,Skaventide,+0.4
814,Kevin Chin,Order,+0.4
815,Marius Helland Prestoy,Seraphon,+0.4
816,Stephen Ray,Chaos,+0.4
817,Kyle Staton,Hedonites of Slaanesh,+0.4
818,Michael Cooper,Gloomspite Gitz,+0.4
819,Craig Worsley,Chaos,+0.4
820,David McElroy,Legion of Sacrement,+0.4
821,Chris Naish,Ironjawz,+0.4
822,Andrew Johnson,Daughters of Khaine,+0.4
823,Paul Burrows,Sylvaneth,+0.4
824,Simon Blais,Beasts of Chaos,+0.4
825,Joerg Freyaldenhoven,Kharadron Overlords,+0.4
826,Martin Scandling,Legions of Nagash,+0.4
827,Brook Hirst,Big Waaagh,+0.4
828,Jayson Franklin,Chaos,+0.4
829,Matt Scarrott,Flesh Eater Courts,+0.4
830,Chris Hallam,Seraphon,+0.4
831,Shane Kingston,Disciples of Tzeentch,+0.4
832,James Kavanagh,Beasts of Chaos,+0.4
833,Russell Hodge,UNKNOWN_ARMY,+0.4
834,Gabriele Sosso,Legion of Blood,+0.4
835,Matt Delanore,Disciples of Tzeentch,+0.4
836,Chris Thursten,Disciples of Tzeentch,+0.4
837,Sam Parish,Flesh Eater Courts,+0.4
838,Steve Milford,UNKNOWN_ARMY,+0.4
839,Adam McGee,Grand Host of Nagash,+0.4
840,Joe Grimwade,Order,+0.4
841,Felix Andrews,Cities of Sigmar,+0.4
842,Will Ward,UNKNOWN_ARMY,+0.4
843,Mark Stanley,Order,+0.4
844,Graham Dane,Gloomspite Gitz,+0.4
845,Simon Roberts,Death,+0.4
846,Andy Frazer,Disciples of Tzeentch,+0.4
847,Mo Ashraf,Destruction,+0.4
848,Ray Standage,Seraphon,+0.4
849,Carl Hewson,Mawtribes,+0.4
850,Dietmar Zwissler,Hosts of Slaanesh,+0.4
851,Richy Amphlett,UNKNOWN_ARMY,+0.4
852,Liam Simms,Order,+0.4
853,Dave Hanson,Destruction,+0.4
854,Mat Wetton,Blades of Khorne,+0.4
855,Christian White,Stormcast Eternals,+0.4
856,Jon Rouston,Death,+0.4
857,Kev Harrington,Flesh Eater Courts,+0.4
858,Oliver Mew,Destruction,+0.4
859,Ryan Mollen,Fyreslayers,+0.4
860,Mark Porter,Stormcast Eternals,+0.4
861,Oliver Lockwood,Blades of Khorne,+0.4
862,Peter Michaels,Idoneth Deepkin,+0.4
863,Daniel Parker,Gloomspite Gitz,+0.4
864,Rich Payne,Ironjawz,+0.4
865,Andy Munden,Order,+0.3
866,Pierre,Flesh Eater Courts,+0.3
867,Alan Anderson,Stormcast Eternals,+0.3
868,Alex Cawthra,Stormcast Eternals,+0.3
869,Mark Griffiths,Nighthaunt,+0.3
870,Ian Stanford,Beastclaw Raiders,+0.3
871,Tom McTimoney,Blades of Khorne,+0.3
872,Barry White,Mawtribes,+0.3
873,Matt Flynn,Warriors of Chaos,+0.3
874,John Harrison,Gutbusters,+0.3
875,Liam Williams,Seraphon,+0.3
876,Ben Seymour,Kharadron Overlords,+0.3
877,Simon Payne,Sylvaneth,+0.3
878,Steven Davidson,Dispossessed,+0.3
879,John McCarthy,Mawtribes,+0.3
880,Stuart Coppock,Destruction,+0.3
881,Alan Aitken,Beastclaw Raiders,+0.3
882,Alun Haines,Daughters of Khaine,+0.3
883,Ian Phillips,Order,+0.3
884,Ritchie Sanisteben,Everchosen,+0.3
885,Lawrence Craven,Flesh Eater Courts,+0.3
886,Paul Brown,Order,+0.3
887,Ian Carse,UNKNOWN_ARMY,+0.3
888,Larbi Benyounes,Maggotkin of Nurgle,+0.3
889,Karol Koman,Soulblight,+0.3
890,Harry Sutton,Beastclaw Raiders,+0.3
891,Zack Martin,Orcs ,+0.3
892,Jerry Marshall,Destruction,+0.3
893,Jonny Darbyshire,Order,+0.3
894,Dan Quirk,Order,+0.3
895,Stu Orman,Slaves to Darkness,+0.3
896,Arron Hazell,Cities of Sigmar,+0.3
897,Stuart Hastings,Mawtribes,+0.3
898,Damien Medhurst,Stormcast Eternals,+0.3
899,Andrew Chapman,Gloomspite Gitz,+0.3
900,Rob Wales,Big Waaagh,+0.3
901,Jack Bicknell,Death,+0.3
902,Josh Hardman,Beastclaw Raiders,+0.3
903,Sam Bolton,UNKNOWN_ARMY,+0.3
904,Fred Cocks,Maggotkin of Nurgle,+0.3
905,Glenn Wilkinson,Destruction,+0.3
906,Euan Hogg,UNKNOWN_ARMY,+0.3
907,Greg Davis,Gloomspite Gitz,+0.3
908,Chris Welfare,Stormcast Eternals,+0.3
909,Kieran Showell,Empire,+0.3
910,Tom Brown,Stormcast Eternals,+0.3
911,Paul McElroy,Destruction,+0.3
912,Morten Winkel,Blades of Khorne,+0.3
913,Gareth Hughes,Blades of Khorne,+0.3
914,Gareth Wynn,Maggotkin of Nurgle,+0.3
915,Hayden McMurray,Ironjawz,+0.3
916,Matthew Austen,Seraphon,+0.3
917,Chris Snell,Destruction,+0.3
918,Joe Mott,Seraphon,+0.3
919,Matthew Byrne,Stormcast Eternals,+0.3
920,JP Gains,Gloomspite Gitz,+0.3
921,Nahum Evans,Chaos,+0.3
922,Chris Ashworth,Hedonites of Slaanesh,+0.3
923,Tim Gibbs,Ironjawz,+0.3
924,Henrik Reschreiter,Skaven,+0.3
925,Christine Coram,Ironjawz,+0.3
926,Ian Marley,Beastclaw Raiders,+0.3
927,Marc Murphy,Stormcast Eternals,+0.3
928,Nick Whitaker,Legions of Nagash,+0.3
929,Craig Bowles,Chaos,+0.3
930,Tomasz Namielski,Fyreslayers,+0.3
931,Kim Dreamer,Sylvaneth,+0.3
932,Kevin Pedrick,Daughters of Khaine,+0.3
933,Sean Murray,Stormcast Eternals,+0.3
934,Slawomir Sasula,Chaos,+0.3
935,Dan Buchanan,High Elves,+0.3
936,Tom Best,Stormcast Eternals,+0.3
937,Nathan Brooks,Stormcast Eternals,+0.3
938,James Johnson,Maggotkin of Nurgle,+0.3
939,Nick Pilgrim,Beasts of Chaos,+0.3
940,Bob Straw,Chaos,+0.3
941,Mark Gosling,Sylvaneth,+0.3
942,Konnor Wilson,Seraphon,+0.3
943,Hugh Wilson,Seraphon,+0.3
944,Josh Tetley,Legions of Nagash,+0.3
945,Leo Kyp,Beastclaw Raiders,+0.3
946,Gaz Taylor,Destruction,+0.3
947,Amit Hindocha,Dark Elves,+0.3
948,Pablo Plaza Fernandez,Ironjawz,+0.3
949,Graham Wigg,Chaos,+0.3
950,John Michelbach,Chaos,+0.3
951,Damien Spirrell,Blades of Khorne,+0.3
952,Bill Souza,Maggotkin of Nurgle,+0.3
953,Chris Chuter,Order,+0.3
954,Craig Johnson,Lizardmen,+0.3
955,Phil Dodd,Stormcast Eternals,+0.3
956,Michael Wills,Legions of Nagash,+0.3
957,Robin Cruddace,Death,+0.3
958,Tom Fownes,Order,+0.3
959,Romain Eretz Bedault,Daughters of Khaine,+0.3
960,Dan Morley,Order,+0.3
961,Charles Sealey,Blades of Khorne,+0.3
962,Joseph Urban,Destruction,+0.3
963,Andy Toben,Nighthaunt,+0.3
964,Sam Doran,Chaos,+0.3
965,Sean Keating,Maggotkin of Nurgle,+0.3
966,Albert James Barr,Empire,+0.3
967,Luke Mchugh,Chaos,+0.3
968,Phil King,Daughters of Khaine,+0.3
969,Nathan prescott,Destruction,+0.3
970,David Ellis,Ironjawz,+0.3
971,Henry Edwards,Sylvaneth,+0.3
972,Kit Hargreaves,Order,+0.3
973,Simon Hyett,Chaos,+0.3
974,Andrew Hutchinson,Ironjawz,+0.3
975,Keith Winquist,Grand Host of Nagash,+0.3
976,Patrick McComas,Cities of Sigmar,+0.3
977,Sam Ryman,Skaven,+0.3
978,George Theodosopoulos,Maggotkin of Nurgle,+0.3
979,Mike Harding,Destruction,+0.3
980,Vincent Cintamani,Sylvaneth,+0.3
981,Philipp Kartaev,Fyreslayers,+0.3
982,Nick Horth,Gloomspite Gitz,+0.3
983,Justin Schenck,Disciples of Tzeentch,+0.3
984,Adam Bassett,Death,+0.3
985,Richard Nutter,Mawtribes,+0.3
986,Shaun Clarke,Flesh Eater Courts,+0.3
987,Daniel Marshall,Brayherd,+0.3
988,Krzysiek Witkowski ,Sylvaneth,+0.3
989,James Roberts,Stormcast Eternals,+0.3
990,Axel Bugno,UNKNOWN_ARMY,+0.3
991,Brad Schwandt,Legions of Nagash,+0.3
992,Tomasz Strzezyk,Seraphon,+0.3
993,Simon McPolin,Stormcast Eternals,+0.3
994,Anthony Magro,Order,+0.3
995,Erik Niemz,Gloomspite Gitz,+0.3
996,Paul Given,Disciples of Tzeentch,+0.3
997,Arkadiusz Marsza_ek,Fyreslayers,+0.3
998,Jake Bucknall,High Elves,+0.3
999,Kieran Searles,Order,+0.3
1000,John Lampe,UNKNOWN_ARMY,+0.3
1001,Martin David Hall,Death,+0.3
1002,Dave King,Legions of Nagash,+0.3
1003,Phillip Gibbons,Legion of Azgorh,+0.3
1004,Daniel Harwood ,Disciples of Tzeentch,+0.3
1005,David Griffin,Legion of Blood,+0.3
1006,Alasdair Baird,Chaos,+0.3
1007,Konstantinos Tampakis,Beasts of Chaos,+0.3
1008,Clemens Arndt Lange,Skaventide,+0.3
1009,Hugh Wyeth,Maggotkin of Nurgle,+0.3
1010,Stephen Dodd,Destruction,+0.3
1011,Samuel Wakley,Stormcast Eternals,+0.3
1012,Chris Rose,Cities of Sigmar,+0.3
1013,Jacob Cave,Death,+0.3
1014,Johnny Leithead,Chaos,+0.3
1015,Scott O'Mahony,Death,+0.3
1016,Lawrence East,Hosts of Slaanesh,+0.3
1017,David Tyler,Chaos,+0.3
1018,Colin Cooper,Kharadron Overlords,+0.3
1019,Gavin Dorrigan,Legions of Nagash,+0.3
1020,Mike Clark,Disciples of Tzeentch,+0.3
1021,Eddie Eccles,Idoneth Deepkin,+0.3
1022,Jon Kerr,Cities of Sigmar,+0.3
1023,Anthony Kirby,Skaventide,+0.3
1024,Shirley Knott,Destruction,+0.3
1025,Nick Tolfree,Slaves to Darkness,+0.3
1026,Chris Nobbs,Legion of Night,+0.3
1027,Liam Bushell,UNKNOWN_ARMY,+0.3
1028,Alan Salkilld,Seraphon,+0.3
1029,Richardt Olsen,Legion of Sacrement,+0.3
1030,Joseph Scott,Ironjawz,+0.3
1031,Len Buchanan,Blades of Khorne,+0.3
1032,Rob Cousins,Grand Host of Nagash,+0.3
1033,Jack Everitt,UNKNOWN_ARMY,+0.3
1034,Gary Percival ,Chaos,+0.3
1035,Gary Shaw,Destruction,+0.3
1036,Shane Ball,Destruction,+0.3
1037,Dave Cooper,Grand Host of Nagash,+0.3
1038,Mike Slowy,Maggotkin of Nurgle,+0.3
1039,Adrian Young,Order,+0.3
1040,Colin Ruddell,Sylvaneth,+0.3
1041,Ben Wood,Seraphon,+0.3
1042,Stephen Newman,Seraphon,+0.3
1043,Jonas Parsinnen,Flesh Eater Courts,+0.3
1044,Simon Chatterley,Death,+0.3
1045,Lee Foo,Legions of Nagash,+0.3
1046,Matthew Large,Order,+0.3
1047,Mark Baggot,UNKNOWN_ARMY,+0.3
1048,Kat Binley,Mawtribes,+0.3
1049,James Gallagher,Death,+0.3
1050,Stu Black,Chaos,+0.3
1051,Chris Lilley,Order,+0.3
1052,Raf Harbinson,Vampire Counts,+0.3
1053,Paul Mansfield ,Death,+0.3
1054,Adam Uhl,Stormcast Eternals,+0.3
1055,Duncan Stacy,Nighthaunt,+0.3
1056,Andrew Large,Order,+0.3
1057,Tom May,Ironjawz,+0.3
1058,Adam Devonshire,Nighthaunt,+0.3
1059,Zak Russell,Gloomspite Gitz,+0.3
1060,Paul Eckworth,Seraphon,+0.3
1061,Greg Farrell,Chaos,+0.3
1062,Brandon Watkins,Ironjawz,+0.3
1063,Matt Baker,Disciples of Tzeentch,+0.3
1064,Mark Yorke,Kharadron Overlords,+0.3
1065,Jonathan Keighyley,UNKNOWN_ARMY,+0.3
1066,Joshua Bloor,Fyreslayers,+0.3
1067,Phil Wilkinson,Disciples of Tzeentch,+0.3
1068,George Evans,Maggotkin of Nurgle,+0.3
1069,Simon Thmpson,UNKNOWN_ARMY,+0.3
1070,Sam Philips,Blades of Khorne,+0.3
1071,Chris Young,Daughters of Khaine,+0.3
1072,Andrew Newton,Nighthaunt,+0.3
1073,Izaak Garner,Gloomspite Gitz,+0.3
1074,Andy Burdis,Destruction,+0.3
1075,Will Holley,UNKNOWN_ARMY,+0.3
1076,Ronnie Dodd,Maggotkin of Nurgle,+0.3
1077,David Cook,Legions of Nagash,+0.3
1078,Scott Baker,Blades of Khorne,+0.3
1079,Dylan Harmon,Chaos,+0.3
1080,Brian Convery,Stormcast Eternals,+0.3
1081,Jason Stanyer,Sylvaneth,+0.3
1082,Tom McLure,Flesh Eater Courts,+0.3
1083,Nico,Fyreslayers,+0.3
1084,Andrew McKay,Stormcast Eternals,+0.3
1085,Simon Dusing,Kharadron Overlords,+0.3
1086,Sebastian Antonsen,Destruction,+0.3
1087,Mike Austin,Hedonites of Slaanesh,+0.3
1088,Kris Richard,Order,+0.3
1089,Dan Long,UNKNOWN_ARMY,+0.3
1090,Matt Watkinson,Destruction,+0.3
1091,Ian Side,Ironjawz,+0.3
1092,Anthony Lye,UNKNOWN_ARMY,+0.3
1093,Jonny Statham ,Order,+0.3
1094,Arthur Voulgaris,Legion of Sacrement,+0.3
1095,Michal Kovanda,Disciples of Tzeentch,+0.3
1096,Chris Bedwell,Clan Pestilens,+0.3
1097,Simon Potter,Skaven,+0.3
1098,Ed Illsley,Daughters of Khaine,+0.3
1099,Charles Mitchell,Death,+0.2
1100,Phil Andreev,Disciples of Tzeentch,+0.2
1101,Tim Bishop,Brayherd,+0.2
1102,Adam McColgan,Beastclaw Raiders,+0.2
1103,Tim Newman,Chaos,+0.2
1104,Gerard Cassidy,Flesh Eater Courts,+0.2
1105,Adam Farmer,UNKNOWN_ARMY,+0.2
1106,Kyley Barnes,Destruction,+0.2
1107,Zac Rowe,Ossiarch Bonereapers,+0.2
1108,Luke Kelly,Dispossessed,+0.2
1109,Antoine Parain,Disciples of Tzeentch,+0.2
1110,Ben Van Buul,Order,+0.2
1111,Stuart Corbett,Stormcast Eternals,+0.2
1112,Martin Neal,Nighthaunt,+0.2
1113,Patrick Taylor,Idoneth Deepkin,+0.2
1114,Earl Webb,Order,+0.2
1115,Simon Finch,Stormcast Eternals,+0.2
1116,Jake Corteen,Order,+0.2
1117,Rich Parkes,Legion of Blood,+0.2
1118,Owen Lee,Destruction,+0.2
1119,Martin Laughlin,Skaven,+0.2
1120,Michael Husmann,Disciples of Tzeentch,+0.2
1121,Dean Stinton,UNKNOWN_ARMY,+0.2
1122,Jamie Denny,Big Waaagh,+0.2
1123,George Bearman,Stormcast Eternals,+0.2
1124,Laura McNeill,Flesh Eater Courts,+0.2
1125,Garry Date,Order,+0.2
1126,Greg Heath,Skaven,+0.2
1127,Shahrul Azmi,Skaven,+0.2
1128,Colin Weinling,Beasts of Chaos,+0.2
1129,Sam Wheeler,Sylvaneth,+0.2
1130,Daniel Oliver,Destruction,+0.2
1131,Adam Poolman,Tempests Eye,+0.2
1132,James Marshall,Flesh Eater Courts,+0.2
1133,Sami Michael,Ogre Kingdoms,+0.2
1134,Damian Elvidge,Dispossessed,+0.2
1135,Mark Baggott,UNKNOWN_ARMY,+0.2
1136,Ed Sheeran,Sylvaneth,+0.2
1137,Danny Allen,Order,+0.2
1138,Thomas Freegard,Gloomspite Gitz,+0.2
1139,Mike McLean,Gloomspite Gitz,+0.2
1140,Aaron Jack,Grand Host of Nagash,+0.2
1141,Jon Tinsley,Chaos,+0.2
1142,Adam Colgan,Gutbusters,+0.2
1143,Eilir Huw Lloyd,Blades of Khorne,+0.2
1144,Eddie Alcock,Disciples of Tzeentch,+0.2
1145,Alex Gonzalez,Order,+0.2
1146,Daniel Brewer,Chaos,+0.2
1147,Will Rogers,Chaos,+0.2
1148,Andy Green,Stormcast Eternals,+0.2
1149,Alex Hey,Sylvaneth,+0.2
1150,Philipp Will,Ironjawz,+0.2
1151,Jamie Payne,High Elves,+0.2
1152,Ricky Robson,UNKNOWN_ARMY,+0.2
1153,Matthew Ainge,Flesh Eater Courts,+0.2
1154,Chris Legg,High Elves,+0.2
1155,Barry Wright,Free Peoples,+0.2
1156,Danny Elvestad,Destruction,+0.2
1157,Jonas Paro,Legion of Night,+0.2
1158,Joshua Steele,Gloomspite Gitz,+0.2
1159,Gavin Watkins,Nighthaunt,+0.2
1160,Richard Bowker ,Nighthaunt,+0.2
1161,Adam Bell,Seraphon,+0.2
1162,Ned Brown,UNKNOWN_ARMY,+0.2
1163,Alastair Maxwell,Ossiarch Bonereapers,+0.2
1164,Matthew Langton,Chaos,+0.2
1165,Tris Buckroyd,Death,+0.2
1166,Luke Torr,Daughters of Khaine,+0.2
1167,Steven Johnston,Legions of Nagash,+0.2
1168,Chris Denmark,Mawtribes,+0.2
1169,Dylan Usher,Hedonites of Slaanesh,+0.2
1170,Jason Ashford,Legion of Sacrement,+0.2
1171,Daniel Pattenden,UNKNOWN_ARMY,+0.2
1172,Neil Robins,Order,+0.2
1173,Ben Nolan,Chaos,+0.2
1174,Simon Holdridge,Flesh Eater Courts,+0.2
1175,Fraser McWhirter,Legions of Nagash,+0.2
1176,Samuel Sinclair,Free Peoples,+0.2
1177,David Jennings,Stormcast Eternals,+0.2
1178,Bruce Thomas,Death,+0.2
1179,Paul Wheatley,Order,+0.2
1180,Tuggy Kay,UNKNOWN_ARMY,+0.2
1181,Bill Taylor,Dispossessed,+0.2
1182,Jon Askham,Legion of Azgorh,+0.2
1183,Tom Goule,Death,+0.2
1184,Richard Wilkie,Order,+0.2
1185,Steve Watson,Death,+0.2
1186,Anthony Sweat,Grand Host of Nagash,+0.2
1187,Havard Berre,Legion of Sacrement,+0.2
1188,Will Goodwin,Empire,+0.2
1189,Melanie Pattenden,UNKNOWN_ARMY,+0.2
1190,Andrew Thompson,Beastclaw Raiders,+0.2
1191,Toby Doyle,Cities of Sigmar,+0.2
1192,Chloe Ratcliffe,Daughters of Khaine,+0.2
1193,Barry Hall,Disciples of Tzeentch,+0.2
1194,Tom Meaker,Hosts of Slaanesh,+0.2
1195,Chris Stokes,Hosts of Slaanesh,+0.2
1196,Gabe Andrew,Blades of Khorne,+0.2
1197,Malachy McCrudden,Legions of Nagash,+0.2
1198,Dan Lavender,Chaos,+0.2
1199,Nikolaos Vasilias,Death,+0.2
1200,James Marsden,UNKNOWN_ARMY,+0.2
1201,Craig Harvey,Order,+0.2
1202,Sam Finch,Ossiarch Bonereapers,+0.2
1203,Kevin Mossman,Legion of Blood,+0.2
1204,Matthew Brett,Chaos,+0.2
1205,Brook Macrae,Ironjawz,+0.2
1206,Darren Kneller,Maggotkin of Nurgle,+0.2
1207,Chris Tutill ,Chaos,+0.2
1208,Cam Thomas,Death,+0.2
1209,Sam Elgar,Legion of Grief,+0.2
1210,Regin Olsen,Hosts of Slaanesh,+0.2
1211,Nick Holden,Sylvaneth,+0.2
1212,Paul Richardson,Stormcast Eternals,+0.2
1213,Oscar McCartney,Order,+0.2
1214,Andrew Paterson,Order,+0.2
1215,Eric Song,Stormcast Eternals,+0.2
1216,Lily Walsh,Maggotkin of Nurgle,+0.2
1217,Lucas Dyssel,Maggotkin of Nurgle,+0.2
1218,Max Gifford,Disciples of Tzeentch,+0.2
1219,Paul Mansfield,Death,+0.2
1220,Alan Hancox,Stormcast Eternals,+0.2
1221,Peter Orton,UNKNOWN_ARMY,+0.2
1222,Liam Worswick,UNKNOWN_ARMY,+0.2
1223,James Karch,Destruction,+0.2
1224,Mark Williams,Stormcast Eternals,+0.2
1225,Kim Roar,Chaos,+0.2
1226,Ian Howlett,Destruction,+0.2
1227,Paolo Zanesco,Destruction,+0.2
1228,Luke Barwick,UNKNOWN_ARMY,+0.2
1229,Dean Morrison,Stormcast Eternals,+0.2
1230,Sherif Aziz,Stormcast Eternals,+0.2
1231,Helen Perry,Order,+0.2
1232,Tom Wainwright,UNKNOWN_ARMY,+0.2
1233,Jiwan Noah Singh,Skaventide,+0.2
1234,Paul Flory,Chaos,+0.2
1235,James Farmer,Seraphon,+0.2
1236,Amy Snuggs,Order,+0.2
1237,Travis Cooper,Sylvaneth,+0.2
1238,Damien Kaukonen,Seraphon,+0.2
1239,Stuart Murray,Sylvaneth,+0.2
1240,Liam Wallace,Kharadron Overlords,+0.2
1241,Matt Jones,Kharadron Overlords,+0.2
1242,Harry Warmill,Big Waaagh,+0.2
1243,Paul Corcoran,UNKNOWN_ARMY,+0.2
1244,Jamie Forster,Destruction,+0.2
1245,James Jacobs,Order,+0.2
1246,Joe Hadfield,Daughters of Khaine,+0.2
1247,Matt Sharp,Dispossessed,+0.2
1248,Robert Ayres,Blades of Khorne,+0.2
1249,Dean McKitrick,Legion of Blood,+0.2
1250,Tim Willoughby,Gloomspite Gitz,+0.2
1251,Ross Buchanan,Stormcast Eternals,+0.2
1252,Izzy Moore,Sylvaneth,+0.2
1253,Gavin Gillies,UNKNOWN_ARMY,+0.2
1254,Graeme Donaldson,Hosts of Slaanesh,+0.2
1255,Michael McDonnell,Idoneth Deepkin,+0.2
1256,Courtney Brightwell,Disciples of Tzeentch,+0.2
1257,Joe Doherty,UNKNOWN_ARMY,+0.2
1258,Dan Hyams,Order,+0.2
1259,Jonathan Cann,Mawtribes,+0.2
1260,Phil Evans,Sylvaneth,+0.2
1261,Luke Corcoran,UNKNOWN_ARMY,+0.2
1262,Ash Mcewan,Ironjawz,+0.2
1263,Scott Lines,Beastmen,+0.2
1264,Andy Matthews,Chaos,+0.2
1265,Danny Carroll,Stormcast Eternals,+0.2
1266,John Roarty,Order,+0.2
1267,Nick Pratt,Beastclaw Raiders,+0.2
1268,Ben Gummer,Gloomspite Gitz,+0.2
1269,Luke Salter,Fyreslayers,+0.2
1270,Ash Hale ,Disciples of Tzeentch,+0.2
1271,James Andrews,Maggotkin of Nurgle,+0.2
1272,Angus Fairholm,Stormcast Eternals,+0.2
1273,Nicholas Robinson,Chaos,+0.2
1274,Liam Jarvis,UNKNOWN_ARMY,+0.2
1275,Jozef Clark,Destruction,+0.2
1276,James Ashbey,Destruction,+0.2
1277,Kristian Hack,Gloomspite Gitz,+0.2
1278,Piotr Wlodarczyk,Gloomspite Gitz,+0.2
1279,Dan Ethergton,Seraphon,+0.2
1280,Ed Morris,Beastmen,+0.2
1281,Gary Waddingham,Destruction,+0.2
1282,Dan Loxton,Disciples of Tzeentch,+0.2
1283,Cy Dudley,UNKNOWN_ARMY,+0.2
1284,Joe Roxborough,Sylvaneth,+0.2
1285,Wayne Peters,Chaos,+0.2
1286,Alex Cable,Beasts of Chaos,+0.2
1287,Michael Pritchard,Bretonnians,+0.2
1288,Lewis Moorby,Ironjawz,+0.2
1289,Jan Polak,Bonesplitterz,+0.2
1290,Gareth Beacock,Lizardmen,+0.2
1291,Stephen Bell,Blades of Khorne,+0.2
1292,Lucy Child,Flesh Eater Courts,+0.2
1293,Harry Sanderson,Ironjawz,+0.2
1294,Alex Whitehead,Death,+0.2
1295,Sam Nice,Chaos,+0.2
1296,Greg Westwood,Order,+0.2
1297,Ceri Scanlon,Ironjawz,+0.2
1298,Richard Eddon,Orruk Warclans,+0.2
1299,James Weetman,Disciples of Tzeentch,+0.2
1300,Alan Mandelson,Beasts of Chaos,+0.2
1301,Kyle Aspinall,Legion of Sacrement,+0.2
1302,Alex Kennedy,Stormcast Eternals,+0.2
1303,Thomas Richardson,Stormcast Eternals,+0.2
1304,Cai Bird,Empire,+0.2
1305,Tom Mcmanaman,Maggotkin of Nurgle,+0.2
1306,Brian Duncan,Brayherd,+0.2
1307,Tim Cragg,Seraphon,+0.2
1308,Peter Taylor,Gloomspite Gitz,+0.2
1309,Tim Gronneberg,Destruction,+0.2
1310,Josh Gates,Skaven,+0.2
1311,Rob Darbyshire,Skaventide,+0.2
1312,Rachel Marsh,Seraphon,+0.2
1313,Mal Lemon,Chaos,+0.2
1314,Jake Rodgers ,Chaos,+0.2
1315,Isaac Gilbert,Tomb Kings,+0.2
1316,Adam Aiden,UNKNOWN_ARMY,+0.2
1317,Joshua Bullock,Chaos,+0.2
1318,Pash Korniyenko,Chaos,+0.2
1319,Arron  Hazell,Stormcast Eternals,+0.2
1320,Aiden McKenna,Mawtribes,+0.2
1321,Keiron Alexander,Death,+0.2
1322,Will Mott,Beastclaw Raiders,+0.2
1323,Forrest Wilhoite ,Stormcast Eternals,+0.2
1324,Chris Thompson,Destruction,+0.2
1325,Richard Scott,Stormcast Eternals,+0.2
1326,Josh Richardson,Beasts of Chaos,+0.2
1327,Josh Wheeler,Skaven,+0.2
1328,Johan Borjesson,Order,+0.2
1329,Spencer Tolbert,UNKNOWN_ARMY,+0.2
1330,Simon Coe,Disciples of Tzeentch,+0.2
1331,Aaron Schofield,Fyreslayers,+0.2
1332,Thomas Challen,Nighthaunt,+0.2
1333,Jack Burbidge,UNKNOWN_ARMY,+0.2
1334,Andrew Hill,Dispossessed,+0.2
1335,Lee Jones,Order,+0.2
1336,Jan Novak,Legion of Azgorh,+0.2
1337,Mike Stuart,Fyreslayers,+0.2
1338,Stuart Oliver,Destruction,+0.2
1339,Jon Carroll,Blades of Khorne,+0.2
1340,Terry Roberton,Stormcast Eternals,+0.2
1341,Sam Reviers,Stormcast Eternals,+0.2
1342,Scott Pirie,Beasts of Chaos,+0.2
1343,Rob Wilshaw,Ironjawz,+0.2
1344,Steve Norris,UNKNOWN_ARMY,+0.2
1345,Bob Frazier,Fyreslayers,+0.2
1346,Will Hardy,Idoneth Deepkin,+0.2
1347,Declan Wynn,Order,+0.2
1348,Josh Niemczyk,Flesh Eater Courts,+0.2
1349,Michael Thomas,Legion of Blood,+0.2
1350,Simon Hyatt,Chaos,+0.2
1351,Dom Pemberton,Empire,+0.2
1352,Jim Dixon,Stormcast Eternals,+0.2
1353,Liam Bye,Order,+0.2
1354,Matt Baxendale,Flesh Eater Courts,+0.2
1355,Daniel Bromley,Destruction,+0.2
1356,Daniel Mashford,Death,+0.2
1357,Martin Orlando,Stormcast Eternals,+0.2
1358,Pete Lockwood,Bonesplitterz,+0.2
1359,John Martin,Stormcast Eternals,+0.2
1360,Owen Griffiths,Destruction,+0.2
1361,James Cassidy,Stormcast Eternals,+0.2
1362,John Twomey,Seraphon,+0.2
1363,Matthew Price,Stormcast Eternals,+0.2
1364,Kim Ror Bergene,Disciples of Tzeentch,+0.2
1365,Matthew Reiling,Ironjawz,+0.2
1366,Andy Burgess,Cities of Sigmar,+0.2
1367,Hugh MacCuish,Death,+0.2
1368,Chris Coles,Gloomspite Gitz,+0.2
1369,Martyn Ives,Order,+0.2
1370,Richard Hudson,Order,+0.2
1371,Luke Tranter,Empire,+0.2
1372,James Finlayson,Chaos,+0.2
1373,Ben Carter,UNKNOWN_ARMY,+0.2
1374,Ian Brown,Kharadron Overlords,+0.2
1375,Sean Farmery,Bonesplitterz,+0.2
1376,Tony Hayle,Warriors of Chaos,+0.2
1377,Sebastian lindblad,Destruction,+0.2
1378,Lee Madeley,Order,+0.2
1379,Matthias Mao,Bretonnians,+0.2
1380,Adam Connors,Legion of Grief,+0.2
1381,Sean Rickets,Beastclaw Raiders,+0.2
1382,Dave Holohan,Legions of Nagash,+0.2
1383,James Woodward,Legions of Nagash,+0.2
1384,Kieran McParland,Nighthaunt,+0.2
1385,Chris Cousens,Stormcast Eternals,+0.2
1386,Gene Coates,Blades of Khorne,+0.2
1387,Erik Sundberg,Order,+0.2
1388,Chris Roberts,Blades of Khorne,+0.2
1389,Simon Fisher,Order,+0.2
1390,Andy Thornley ,Chaos,+0.2
1391,Matthew Ansell,Sylvaneth,+0.2
1392,Bradley Walsh,Legion of Blood,+0.2
1393,Michael Rocco,High Elves,+0.2
1394,Scott Leckie,Flesh Eater Courts,+0.2
1395,Mikey Andrews,Wood Elves,+0.2
1396,Dazz Waring,Blades of Khorne,+0.2
1397,Tam Whyte,Order,+0.2
1398,Andy Halliwell,Order,+0.2
1399,Stew Ca,Death,+0.2
1400,Rob Hall,High Elves,+0.2
1401,Luke Clarke,Flesh Eater Courts,+0.2
1402,Phil Ball,Chaos,+0.2
1403,Rich Partridge,Legions of Nagash,+0.2
1404,Glen Holeman,Order Draconis,+0.2
1405,Matt Pegram,Chaos,+0.2
1406,John Young,Grand Host of Nagash,+0.2
1407,Ryan Savage,Destruction,+0.2
1408,Max Michaels,Destruction,+0.2
1409,Johny B Jr,Chaos,+0.2
1410,Dan Wright,Skaventide,+0.2
1411,Iain Lobb,Stormcast Eternals,+0.2
1412,Dave Warburton ,Stormcast Eternals,+0.2
1413,John Ferguson,Chaos,+0.2
1414,Julian Kowalski,Ironjawz,+0.2
1415,Andrew Dorman,Nighthaunt,+0.2
1416,Martin Brooke,Stormcast Eternals,+0.2
1417,Jeremie Dijan,Seraphon,+0.2
1418,Leighton Krokoszynski,Big Waaagh,+0.2
1419,William Clewer,Destruction,+0.2
1420,Chris Allen,Death,+0.2
1421,Jason Fagan,Nighthaunt,+0.2
1422,Dave Olorenshaw,Free Peoples,+0.2
1423,Khaine Tully,Dispossessed,+0.2
1424,John Barr,Death,+0.2
1425,Grzegorz Zeweld,Gloomspite Gitz,+0.2
1426,Aran Golden,Empire,+0.2
1427,Anthony Hagan,Kharadron Overlords,+0.2
1428,Martin Foster,Order,+0.2
1429,Chris Champan,Destruction,+0.2
1430,Jr Courtney,Stormcast Eternals,+0.2
1431,Mark Jowett,Disciples of Tzeentch,+0.2
1432,Stu Bowman,Flesh Eater Courts,+0.2
1433,Andrew Smith,Order,+0.2
1434,Rik Eiddon,Maggotkin of Nurgle,+0.2
1435,John Perkins,Blades of Khorne,+0.2
1436,Adam Hughes,Stormcast Eternals,+0.2
1437,William Convery,Order,+0.2
1438,Andy Campbell,Legions of Nagash,+0.2
1439,Issac Campbell,Order,+0.2
1440,Chris Jones,Order,+0.2
1441,Ryan Kerr,Sylvaneth,+0.2
1442,Kevin Law,Chaos,+0.2
1443,Ivan Herrera,Cities of Sigmar,+0.2
1444,Steve Batlam,Ironjawz,+0.1
1445,Liam McTear,Chaos,+0.1
1446,Richard Dighton,Chaos,+0.1
1447,Robert Dahm,Ossiarch Bonereapers,+0.1
1448,Anton Beckers,Maggotkin of Nurgle,+0.1
1449,Ben Harrow,Stormcast Eternals,+0.1
1450,Riccardo Millella,Destruction,+0.1
1451,Tom Goulds,Death,+0.1
1452,Magnus Nedfors,Maggotkin of Nurgle,+0.1
1453,Daniel Grant,Hedonites of Slaanesh,+0.1
1454,Alex Cawthorne,Stormcast Eternals,+0.1
1455,Matthew Preater,Ironjawz,+0.1
1456,Nigel West,UNKNOWN_ARMY,+0.1
1457,Adam Higgins,Order,+0.1
1458,Alex Robson,Chaos,+0.1
1459,Nick Clark,High Elves,+0.1
1460,Ben Biddess,Stormcast Eternals,+0.1
1461,Graeme Purcifer,UNKNOWN_ARMY,+0.1
1462,Jerry Elvin,Order,+0.1
1463,Ming Leu,Gloomspite Gitz,+0.1
1464,Wiktor Wadsten Mattisson,Blades of Khorne,+0.1
1465,John Laurie,Stormcast Eternals,+0.1
1466,Paul Maloney,Gloomspite Gitz,+0.1
1467,Darren Taylor,Maggotkin of Nurgle,+0.1
1468,Michael Dijan,Sylvaneth,+0.1
1469,Matt Ainge,Gloomspite Gitz,+0.1
1470,Hannah Haigh,Gloomspite Gitz,+0.1
1471,Stephen Babington,Order,+0.1
1472,James Jones,Chaos,+0.1
1473,Alex Nygard,Everchosen,+0.1
1474,Richard Wilson,Maggotkin of Nurgle,+0.1
1475,James Hanson,Fyreslayers,+0.1
1476,David Lisle,Hedonites of Slaanesh,+0.1
1477,Darren Powell,Blades of Khorne,+0.1
1478,Andrew Lonsdale,UNKNOWN_ARMY,+0.1
1479,Luce Follea,Maggotkin of Nurgle,+0.1
1480,Simon Midson,Order,+0.1
1481,Joseph Hassall,Destruction,+0.1
1482,Matty Kane,Stormcast Eternals,+0.1
1483,Christopher Langton,Stormcast Eternals,+0.1
1484,Chris Fereday,Daughters of Khaine,+0.1
1485,Matt Oakley,Chaos,+0.1
1486,Nick Sheppard,Clan Skryre,+0.1
1487,Graham Betteridge,Blades of Khorne,+0.1
1488,Simon Templeton,UNKNOWN_ARMY,+0.1
1489,Adam Sierens,Death,+0.1
1490,Matthew Evans,High Elves,+0.1
1491,Tom Merker,Hosts of Slaanesh,+0.1
1492,Alex Champion,Blades of Khorne,+0.1
1493,Grant Dearness,Gloomspite Gitz,+0.1
1494,Oliver Corbishly,Stormcast Eternals,+0.1
1495,Charles Shepherd,Maggotkin of Nurgle,+0.1
1496,Scott Creed,Order,+0.1
1497,Matt Akrill,Order,+0.1
1498,Ross Pearson,Maggotkin of Nurgle,+0.1
1499,William Metcalf,Free Peoples,+0.1
1500,Andy Lampton,Destruction,+0.1
1501,Phil Muscroft,Ironjawz,+0.1
1502,Mark Chadwick,Stormcast Eternals,+0.1
1503,Em Durrant,Sylvaneth,+0.1
1504,Steffano Coppola,Stormcast Eternals,+0.1
1505,Jacob Berry,Stormcast Eternals,+0.1
1506,Thomas Maries,Seraphon,+0.1
1507,Bradley Stinton,Chaos,+0.1
1508,Sophie Williams,Hedonites of Slaanesh,+0.1
1509,Murray Gaisford,Blades of Khorne,+0.1
1510,Charlie Foyster,Ironjawz,+0.1
1511,Gary Clark,Ironjawz,+0.1
1512,Andrew Hartwell,Legions of Nagash,+0.1
1513,Jonathan  Delobelle,Grand Host of Nagash,+0.1
1514,Dave Ross,Grand Host of Nagash,+0.1
1515,Keith Price,UNKNOWN_ARMY,+0.1
1516,Ben Bottle,Death,+0.1
1517,Garry Simmonds,Dark Elves,+0.1
1518,Jason Cook,Order,+0.1
1519,Robert Kelly,Gloomspite Gitz,+0.1
1520,John Stangel,Ironjawz,+0.1
1521,Kieran Parnell,Ironjawz,+0.1
1522,Michael O'Connor,Order Draconis,+0.1
1523,Pete Riordan,Stormcast Eternals,+0.1
1524,Steve Scribbins,Stormcast Eternals,+0.1
1525,James Tierney,Stormcast Eternals,+0.1
1526,Stephen Davidson,Maggotkin of Nurgle,+0.1
1527,Tom Lanigton ,Chaos,+0.1
1528,Ian Huxley,Order,+0.1
1529,Tom Courtier,Stormcast Eternals,+0.1
1530,Matthew Thompson,Seraphon,+0.1
1531,Ash Liddington,Hosts of Slaanesh,+0.1
1532,Garth Hall,Destruction,+0.1
1533,Chris Paton,Gutbusters,+0.1
1534,Markus Takanen,Chaos,+0.1
1535,Tomaz Adamczyk,Chaos,+0.1
1536,Ashley Rowe,Legions of Nagash,+0.1
1537,Michael Blatherwick,Stormcast Eternals,+0.1
1538,Mal Box,Order,+0.1
1539,Charles Jamieson,Blades of Khorne,+0.1
1540,Andrea Schwandt,Idoneth Deepkin,+0.1
1541,Andy Horsfall,Order,+0.1
1542,Kane Howlett,Beastclaw Raiders,+0.1
1543,Edward Folks,UNKNOWN_ARMY,+0.1
1544,Clint Mallet,Legions of Nagash,+0.1
1545,Tyla Fearon,Legions of Nagash,+0.1
1546,Simon Walker,Blades of Khorne,+0.1
1547,Harry Jeffery,Order,+0.1
1548,Adam Robertson,Order,+0.1
1549,Tom Field,Khorne Bloodbound,+0.1
1550,Sebastian Sjostrom,Grand Host of Nagash,+0.1
1551,Sean O'Hara,Flesh Eater Courts,+0.1
1552,Liam Chamberlain,Beastclaw Raiders,+0.1
1553,Matthew Pridmore,Blades of Khorne,+0.1
1554,Tim Mcdonnell ,Blades of Khorne,+0.1
1555,Oskar Carlefred,Disciples of Tzeentch,+0.1
1556,Sebastian Hedberg,Hosts of Slaanesh,+0.1
1557,Christian Hacon,Destruction,+0.1
1558,Ian Mckinstosh,Beastclaw Raiders,+0.1
1559,Mark Bayliss,Beastclaw Raiders,+0.1
1560,Conor Considine,Skaventide,+0.1
1561,Paul Bastion,Legion of Blood,+0.1
1562,Dan Moody ,Ironjawz,+0.1
1563,Darryl Coles,Death,+0.1
1564,Phil Dobson,Chaos,+0.1
1565,Rhys Inglis,Hosts of Slaanesh,+0.1
1566,Dale Clark,Seraphon,+0.1
1567,Matt Cardle,Order,+0.1
1568,John Walters,Empire,+0.1
1569,Christian Poon,Stormcast Eternals,+0.1
1570,Dan Smedley,Maggotkin of Nurgle,+0.1
1571,Tom Newton,Cities of Sigmar,+0.1
1572,Francois Tassain,Stormcast Eternals,+0.1
1573,Richard Chambers,UNKNOWN_ARMY,+0.1
1574,James Moore,Free Peoples,+0.1
1575,Thomas Linington,Chaos,+0.1
1576,Ed Winnington,Order,+0.1
1577,Lewis Wilson,Destruction,+0.1
1578,Greg Bennett,Chaos,+0.1
1579,Jamie McDonald,Chaos,+0.1
1580,Lukan Whitehouse,Chaos,+0.1
1581,Graham Fennel,Order,+0.1
1582,James Speller,Death,+0.1
1583,Liam Prendergast,Skaventide,+0.1
1584,Carlos Estribio Gil,Wanderers,+0.1
1585,Bland,Order,+0.1
1586,Robert Angell,Chaos,+0.1
1587,Christian Poon Sundvor,Maggotkin of Nurgle,+0.1
1588,Alex Rockliffe,Blades of Khorne,+0.1
1589,Mitch Edwards,Warriors of Chaos,+0.1
1590,Darren Kelso,Gloomspite Gitz,+0.1
1591,Aaron Kenny,Sylvaneth,+0.1
1592,Laura Bates,Fyreslayers,+0.1
1593,Tom C,Tempests Eye,+0.1
1594,David Neri,Flesh Eater Courts,+0.1
1595,Paul Atherall,Legions of Nagash,+0.1
1596,Richard Belshaw,Chaos,+0.1
1597,Mark Tucker,Wanderers,+0.1
1598,Jay Norman,Sylvaneth,+0.1
1599,Jai Channa,Kharadron Overlords,+0.1
1600,Ant Ambrose,Dispossessed,+0.1
1601,Chris Townshend,Gloomspite Gitz,+0.1
1602,Seb Halligan,Wanderers,+0.1
1603,Andrew Hulse,Stormcast Eternals,+0.1
1604,Joe Emberton,Grand Host of Nagash,+0.1
1605,Jamie Harmer,Grand Host of Nagash,+0.1
1606,Luke Roony,Chaos,+0.1
1607,Bart Janicki,Chaos,+0.1
1608,Lee Palmer,Blades of Khorne,+0.1
1609,Jamie Macintosh,Destruction,+0.1
1610,Adam Calver,Stormcast Eternals,+0.1
1611,Jerome Banyuls,Grand Host of Nagash,+0.1
1612,Rob Thomas,Daughters of Khaine,+0.1
1613,Adam Wheeler,Flesh Eater Courts,+0.1
1614,Sean Hutchinson,Seraphon,+0.1
1615,Sophie Smith,UNKNOWN_ARMY,+0.1
1616,Hovan Barnes,Order,+0.1
1617,Tom Cunnell,Sylvaneth,+0.1
1618,Simon Winter,Daughters of Khaine,+0.1
1619,Ayade Al,Destruction,+0.1
1620,Harry Sherwin,UNKNOWN_ARMY,+0.1
1621,Kevin Bour,Idoneth Deepkin,+0.1
1622,Buddy Lane,Seraphon,+0.1
1623,Richard Cunningham,Gloomspite Gitz,+0.1
1624,Andy Millington,Destruction,+0.1
1625,Michael Beevor,Flesh Eater Courts,+0.1
1626,Andrew Mullan,Stormcast Eternals,+0.1
1627,Christian Kewin,Stormcast Eternals,+0.1
1628,Stephen Prescott,Stormcast Eternals,+0.1
1629,Vitto Manetti,Idoneth Deepkin,+0.1
1630,Dylan Murray,Ironjawz,+0.1
1631,Metin Sanders,Skaventide,+0.1
1632,Luke Capper,Lizardmen,+0.1
1633,Ryan Pearson ,Death,+0.1
1634,Nicholas Green,Skaven,+0.1
1635,Freddie Leggett,Beasts of Chaos,+0.1
1636,Richard Bowker,Flesh Eater Courts,+0.1
1637,Richard Hicks,Blades of Khorne,+0.1
1638,James Blair,Nighthaunt,+0.1
1639,Luke Thomson,Seraphon,+0.1
1640,Ben Swainson,Stormcast Eternals,+0.1
1641,Ade McBain,Dwarfs,+0.1
1642,David Allan,Sylvaneth,+0.1
1643,Ben Furse,Legion of Sacrement,+0.1
1644,Josh N,Flesh Eater Courts,+0.1
1645,Becky Medeiros,UNKNOWN_ARMY,+0.1
1646,Martin Wilson,Fyreslayers,+0.1
1647,Louis Patterson,Sylvaneth,+0.1
1648,Wayne Cooper,UNKNOWN_ARMY,+0.1
1649,Lucy Merchant,Order,+0.1
1650,Kyle Salmond,Idoneth Deepkin,+0.1
1651,Umar Ali,Legion of Blood,+0.1
1652,John Larimore,Order,+0.1
1653,Matt Guiver,UNKNOWN_ARMY,+0.1
1654,Mathew Gething,Beasts of Chaos,+0.1
1655,Caitlin Moore,Maggotkin of Nurgle,+0.1
1656,Matt Trickett,Gloomspite Gitz,+0.1
1657,Alexander Ford,Disciples of Tzeentch,+0.1
1658,Sam Lowe,Nighthaunt,+0.1
1659,Phil Gresham,Warriors of Chaos,+0.1
1660,Matt Cave,Chaos,+0.1
1661,Dan Mullard,Order,+0.1
1662,Alex Fleet,UNKNOWN_ARMY,+0.1
1663,David Silva,Khorne Bloodbound,+0.1
1664,Sam Guy,Beastclaw Raiders,+0.1
1665,Ian Crook,Destruction,+0.1
1666,Fraser Graham,Order,+0.1
1667,Adam Goode,Order,+0.1
1668,Phil Moorhouse,Maggotkin of Nurgle,+0.1
1669,Chris Tutill,Disciples of Tzeentch,+0.1
1670,Alan Simmet,Flesh Eater Courts,+0.1
1671,Dave McGill,Blades of Khorne,+0.1
1672,Nicholas Nunn,Chaos,+0.1
1673,Daniel Elkinson,UNKNOWN_ARMY,+0.1
1674,Stephen Morrison,Beasts of Chaos,+0.1
1675,Chris Scotherne,Sylvaneth,+0.1
1676,Tony Aldridge,Order,+0.1
1677,Joel Middleton,UNKNOWN_ARMY,+0.1
1678,Ed Roper,Chaos,+0.1
1679,Jonatan Swede,Dwarfs,+0.1
1680,William Ingham,Order,+0.1
1681,Steve Palmer,Order,+0.1
1682,Steve Constance,UNKNOWN_ARMY,+0.1
1683,Sarah McComish,Daughters of Khaine,+0.1
1684,Freddie Dutton,Chaos,+0.1
1685,Jonathan Gregory,Stormcast Eternals,+0.1
1686,Stephen Watson,Nighthaunt,+0.1
1687,Fraser Jenkings,Gloomspite Gitz,+0.1
1688,Jon Redmond,Cities of Sigmar,+0.1
1689,Charles Black,Skaventide,+0.1
1690,Richard Padget,Stormcast Eternals,+0.1
1691,Adam Davison,Death,+0.1
1692,Chris Scotholme,Chaos,+0.1
1693,Rene Jellitsch,Sylvaneth,+0.1
1694,Martin Griggs,UNKNOWN_ARMY,+0.1
1695,Graham Wilson,Legions of Nagash,+0.1
1696,Peter Feur,Chaos,+0.1
1697,Shaun King,Order,+0.1
1698,Matthew Delamere,Chaos,+0.1
1699,Oliver Bray,Destruction,+0.1
1700,Mark Logan,Blades of Khorne,+0.1
1701,Tom Pedley,Maggotkin of Nurgle,+0.1
1702,Jack Ethengton,Slaves to Darkness,+0.1
1703,Scott D,Chaos,+0.1
1704,Dale Parratt,Order,+0.1
1705,Mike Hanlon,Maggotkin of Nurgle,+0.1
1706,Gareth Macey,Destruction,+0.1
1707,David Turner,Disciples of Tzeentch,+0.1
1708,John Ellison,Chaos,+0.1
1709,Anthony Jenkins,Chaos,+0.1
1710,Matt Carr,Orcs ,+0.1
1711,Mark Merfield,Order,+0.1
1712,Ashley Bone,Bonesplitterz,+0.1
1713,Andy Davis,Disciples of Tzeentch,+0.1
1714,Reece Walters,Nighthaunt,+0.1
1715,Folke Byfors,Order,+0.1
1716,Ryan Muza,Stormcast Eternals,+0.1
1717,Timmy Larkin,Idoneth Deepkin,+0.1
1718,John Hazard,UNKNOWN_ARMY,+0.1
1719,Ben Sollis,Kharadron Overlords,+0.1
1720,Thomas Fildes,Ironjawz,+0.1
1721,Harry O'Meara,Skaven,+0.1
1722,Kieran Bradwell,Disciples of Tzeentch,+0.1
1723,Alex Roos,Seraphon,+0.1
1724,Jakob Takanen,Chaos,+0.1
1725,Mark Kittle,Mawtribes,+0.1
1726,David Marsh,Stormcast Eternals,+0.1
1727,Ed Hannon ,Chaos,+0.1
1728,John Poole,Stormcast Eternals,+0.1
1729,Derrick Moutter,UNKNOWN_ARMY,+0.1
1730,Spare Monkey,Tomb Kings,+0.1
1731,Paul Graham,Order,+0.1
1732,Aaron Drew,Fyreslayers,+0.1
1733,Tom Dix,Stormcast Eternals,+0.1
1734,Toby Liddiard,Order,+0.1
1735,Arthur Palmer,Order,+0.1
1736,Jordan Bintcliffe,Blades of Khorne,+0.1
1737,Gareth Cosby,Blades of Khorne,+0.1
1738,Michael Mimnagh,Sylvaneth,+0.1
1739,Sam Whitley,Chaos,+0.1
1740,Right Eddon,Fyreslayers,+0.1
1741,David Griggs,UNKNOWN_ARMY,+0.1
1742,Paige Clare,Hosts of Slaanesh,+0.1
1743,Spare,Sylvaneth,+0.1
1744,Vasileios Dionysopoulos,Blades of Khorne,+0.1
1745,Ben McDougall,Flesh Eater Courts,+0.1
1746,Ben Langan,Order,+0.1
1747,Andrew Snow,UNKNOWN_ARMY,+0.1
1748,Stephen Surgenor,Kharadron Overlords,+0.1
1749,Matthew Street,Ironjawz,+0.1
1750,Andrew O'Connor,Legion of Night,+0.1
1751,Jon Rowland,Chaos,+0.1
1752,James Henley,Skaventide,+0.1
1753,Adam Shepherd,Death,+0.1
1754,Mark Rawcliffe,Fyreslayers,+0.1
1755,Matt Wallis,UNKNOWN_ARMY,+0.1
1756,Sam Maberley,Death,+0.1
1757,Edward Barfield,Destruction,+0.1
1758,John Masters,Stormcast Eternals,+0.1
1759,Andrew Mascarenhas,Order,+0.1
1760,Chris Markou,Blades of Khorne,+0.1
1761,Ciara Potter,Sylvaneth,+0.1
1762,Jon Flindall,Chaos,+0.1
1763,Bex Ward,Disciples of Tzeentch,+0.1
1764,David Arnold,Sylvaneth,+0.1
1765,Claire Harper,Death,+0.1
1766,Ben Atkinson,Destruction,+0.1
1767,Doug Fazzini,UNKNOWN_ARMY,+0.1
1768,Julien Ginther,Stormcast Eternals,+0.1
1769,Paul Brewster,Chaos,+0.1
1770,Adam Fox,Maggotkin of Nurgle,+0.1
1771,Paul Brooks,Maggotkin of Nurgle,+0.1
1772,Tommy Potter,Seraphon,+0.1
1773,Mathew Pridgeon,Seraphon,+0.1
1774,Craig Deakin,Seraphon,+0.1
1775,Matt Spooner,Seraphon,+0.1
1776,Russell Mcelroy,Moonclan,+0.1
1777,Evrim Igsiz,Order,+0.1
1778,Jon Pyke,Order,+0.1
1779,Justin Plimmer,Order,+0.1
1780,Craig Ferrigan,Order,+0.1
1781,Jake Richards,Order,+0.1
1782,Andrew Walls,UNKNOWN_ARMY,+0.1
1783,Graeme Wallace,Sylvaneth,+0.1
1784,Nicki Lloyd,Destruction,+0.1
1785,Simon Marlow,Destruction,+0.1
1786,Liam Albert,Stormcast Eternals,+0.1
1787,Dave Pollock ,Stormcast Eternals,+0.1
1788,Simon Shepard,Stormcast Eternals,+0.1
1789,Ernest Bedford,Stormcast Eternals,+0.1
1790,George Stone,Legion of Blood,+0.1
1791,Mark Pavey,Chaos,+0.1
1792,Owen Verill,Chaos,+0.1
1793,Joe Gilday,Chaos,+0.1
1794,Michael Glover,Chaos,+0.1
1795,Tom Proudley,Chaos,+0.1
1796,Callum Piper,Chaos,+0.1
1797,Stuart Dinwoodie,Chaos,+0.1
1798,Charlie Robinson,Chaos,+0.1
1799,Daniel Pilgram,Chaos,+0.1
1800,Lewis Morville,Chaos,+0.1
1801,Ian Howarth,Kharadron Overlords,+0.1
1802,Josh Horner,Kharadron Overlords,+0.1
1803,Kristoffer Mallberg,Death,+0.1
1804,Murillo Titon De Souza,Disciples of Tzeentch,+0.1
1805,Benjamin Woodcock,Ossiarch Bonereapers,+0.1
1806,Michael Botterill,Blades of Khorne,+0.1
1807,Matthew Malcolm,Blades of Khorne,+0.1
1808,Jay Smith,Blades of Khorne,+0.1
1809,David Morrow,Blades of Khorne,+0.1
1810,Chris Webster,Blades of Khorne,+0.1
1811,Adam Daly,Lizardmen,+0.1
1812,Claire Hawken,Daughters of Khaine,+0.1
1813,David Harvey,Legions of Nagash,+0.1
1814,Darren Burkett,Sylvaneth,+0.1
1815,Tom Capper,Vampire Counts,+0.1
1816,Steven Knowles,Flesh Eater Courts,+0.1
1817,Liam Alford,Death,+0.1
1818,Simon Smith,Death,+0.1
1819,James Peacock,Death,+0.1
1820,Damien Mann,Death,+0.1
1821,Bex ,Death,+0.1
1822,Rick Chambers,Legion of Sacrement,+0.1
1823,David Norval,Legions of Nagash,+0.1
1824,Pete Kitson,Legion of Azgorh,+0.1
1825,Dan Marriage,Hedonites of Slaanesh,+0.1
1826,Gary Stephen,Disciples of Tzeentch,+0.1
1827,Ash Gavin,Disciples of Tzeentch,+0.1
1828,Dom Robinson,Disciples of Tzeentch,+0.1
1829,Will Hopwood,Daughters of Khaine,+0.1
1830,Andrew Ramsey,Hedonites of Slaanesh,+0.1
1831,Keir Egginton,Daughters of Khaine,+0.1
